Date,Open,High,Low,Close
2014-04-28,311.02,311.57,309.5,309.84
2014-04-29,310.57,311.98,310.19,311.85
2014-04-30,310.35,310.67,308.96,309.53
2014-05-01,307.99,308.06,306.85,306.98
2014-05-02,307.41,307.92,306.79,307.14
2014-05-05,307.57,307.77,306.76,307.24
2014-05-06,307.1,308.1,306.78,307.28
2014-05-07,307.35,307.76,306.4,307
2014-05-08,306.71,306.71,305.58,306.14
2014-05-09,306.24,306.27,304.3,304.57
2014-05-12,305.43,305.98,305.04,305.51
2014-05-13,306.56,306.84,305.87,306.76
2014-05-14,307.73,308.11,307.27,307.96
2014-05-15,307.69,308.04,306.63,307.08
2014-05-16,306.85,307.03,305.9,305.92
2014-05-19,306.91,307.25,306.41,306.83
2014-05-20,307.07,307.63,306.35,306.92
2014-05-21,307.48,308.24,307.01,307.85
2014-05-22,308.57,309.12,307.43,307.63
2014-05-23,308.16,308.5,307.75,308.26
2014-05-27,307.14,307.37,306.45,306.62
2014-05-28,306.84,306.87,305.26,306.01
2014-05-29,306.38,307.88,306.27,307.34
2014-05-30,306.64,306.64,305.3,305.48
2014-06-02,305.69,306.07,304.98,305.41
2014-06-03,305.17,305.46,304.57,305.02
2014-06-04,305.4,305.42,304.1,304.18
2014-06-05,303.67,304.33,303.04,304.26
2014-06-06,304.24,305.38,304.13,305.25
2014-06-09,305.74,306.27,305.3,306.23
2014-06-10,306.42,306.88,305.15,305.49
2014-06-11,305.67,306.48,304.98,305.23
2014-06-12,307.17,308.67,306.65,308.62
2014-06-13,309.91,310.41,309.48,309.98
2014-06-16,310.65,310.81,309.64,309.83
2014-06-17,309.08,309.47,308.68,309.03
2014-06-18,310.03,310.04,308.84,309.4
2014-06-19,310.25,311.93,309.55,311.74
2014-06-20,311.57,312.97,311.36,312.93
2014-06-23,313.17,313.27,311.41,312.02
2014-06-24,312.04,312.11,311.22,311.99
2014-06-25,312.07,312.85,311.42,312.8
2014-06-26,312.19,312.7,310.99,312.01
2014-06-27,312.14,312.68,310.46,310.82
2014-06-30,309.87,310.12,308.01,308.22
2014-07-01,308.04,308.06,306.68,307.43
2014-07-02,306.83,307.25,306.04,307.14
2014-07-03,306.86,306.88,306.11,306.74
2014-07-07,305.45,305.5,303.01,303.75
2014-07-08,303.87,304.38,303.03,303.44
2014-07-09,303.36,303.38,300.86,301.19
2014-07-10,301.17,301.46,299.21,299.7
2014-07-11,299.35,299.35,296.45,297.07
2014-07-14,296.98,297.57,296.39,297.47
2014-07-15,296.5,296.87,294.61,296.02
2014-07-16,297.23,297.53,296.54,296.79
2014-07-17,297.41,298.54,296.75,297.92
2014-07-18,298.38,298.38,297.04,297.42
2014-07-21,296.7,298.5,296.63,298.44
2014-07-22,298.74,298.84,297.22,297.35
2014-07-23,297.66,298.8,297.62,298.77
2014-07-24,299.71,300.38,298.09,298.19
2014-07-25,298,298.51,297.03,298.34
2014-07-28,298.24,298.73,297.62,298.31
2014-07-29,297.5,297.51,295.56,296.64
2014-07-30,296.54,297.08,295.57,296.11
2014-07-31,296,296.26,294.33,294.43
2014-08-01,293.56,294.4,292.36,292.48
2014-08-04,293.39,294.44,292.92,294.16
2014-08-05,293.9,293.9,291.94,292.4
2014-08-06,292.54,294.27,292.37,294.03
2014-08-07,293.94,294.1,292.54,293.08
2014-08-08,293.58,293.61,291.93,292.43
2014-08-11,292.91,294.06,292.89,293.84
2014-08-12,293.36,293.36,291.32,291.78
2014-08-13,291.68,292.28,290.42,291.29
2014-08-14,290.81,291.18,288.72,288.8
2014-08-15,289.05,290,288.51,289.93
2014-08-18,289.04,289.21,287.88,288.2
2014-08-19,288.67,288.7,286.78,287.04
2014-08-20,287.24,288.28,286.94,288.28
2014-08-21,287.79,289.42,287.57,289.05
2014-08-22,288.88,289.14,288.17,288.67
2014-08-25,288.95,289.14,288.16,288.54
2014-08-26,288.89,290.57,288.79,290.29
2014-08-27,290.7,291.3,289.69,290.43
2014-08-28,290.94,291.69,290.31,291.34
2014-08-29,291.54,292.76,291.36,292.75
2014-09-02,291.71,291.71,289.2,289.28
2014-09-03,289.5,290.53,288.78,290.3
2014-09-04,290.19,290.31,288.37,288.63
2014-09-05,288.96,289.07,287.13,288.02
2014-09-08,287.13,287.22,285.76,286.75
2014-09-09,286.87,287.07,285.57,285.79
2014-09-10,285.25,285.52,283.26,283.64
2014-09-11,282.07,282.83,281.06,282.77
2014-09-12,282.74,283,281.54,281.9
2014-09-15,281.12,281.96,280.22,281.84
2014-09-16,281.9,284.68,281.37,284.39
2014-09-17,284.22,284.56,283.49,284.1
2014-09-18,283.48,283.48,280.8,280.94
2014-09-19,280.05,280.63,278.98,279.4
2014-09-22,278.43,278.79,276.65,277.67
2014-09-23,279.15,279.46,277.77,277.8
2014-09-24,277.73,280.45,277.4,280.38
2014-09-25,280.31,280.81,278.49,279.17
2014-09-26,280.02,280.62,278.9,280.28
2014-09-29,281.04,283.23,280.23,283.14
2014-09-30,282.02,283.01,278.28,278.55
2014-10-01,279.16,280.66,277.7,277.91
2014-10-02,276.83,277.61,275.78,277.32
2014-10-03,277.2,277.43,275.36,276.34
2014-10-06,278.27,280.24,277.57,280.24
2014-10-07,279.78,280.91,279.38,279.98
2014-10-08,278.42,278.81,277.1,277.4
2014-10-09,277.99,278.25,276.3,276.41
2014-10-10,275.29,277.07,274.42,275.6
2014-10-13,275.09,276.91,273.97,276.72
2014-10-14,275.78,276.65,273.78,273.9
2014-10-15,272.94,273.92,270.72,271.31
2014-10-16,270.03,274.29,269.62,272.69
2014-10-17,272.99,273.39,271.87,272.64
2014-10-20,270.95,271.71,269.92,271.13
2014-10-21,271.24,273.03,271.13,273
2014-10-22,273.91,274.09,270.23,270.35
2014-10-23,271.06,272.47,270.33,272.43
2014-10-24,271.75,272,269.88,270.22
2014-10-27,268.81,270.41,267.78,270.41
2014-10-28,271.62,272.13,270.24,272.09
2014-10-29,273.54,275.41,273.21,274.9
2014-10-30,273.65,273.75,272.42,272.71
2014-10-31,271.77,271.96,269.84,271.96
2014-11-03,272.79,272.79,270.29,270.47
2014-11-04,267.31,268.29,266.88,267.48
2014-11-05,266.6,268.77,266.3,268.27
2014-11-06,267.68,269.25,267,269.14
2014-11-07,269.94,271.26,269.31,270.66
2014-11-10,271.77,271.98,267.81,267.83
2014-11-11,267.56,270.18,266.93,270.15
2014-11-12,269.49,270.48,268.69,268.94
2014-11-13,267.57,267.92,264.42,264.56
2014-11-14,264.53,266.96,264.33,266.79
2014-11-17,265.69,267.45,265.6,267.42
2014-11-18,267.38,267.57,264.92,265.83
2014-11-19,266.49,267.68,266.04,266.41
2014-11-20,266.79,268.21,265.92,268.15
2014-11-21,269.89,270.01,267.99,269.11
2014-11-24,267.67,269.21,267.03,267.19
2014-11-25,268,268.66,266.03,266.85
2014-11-26,267.07,267.62,266.12,266.65
2014-11-28,259.94,260.59,254.07,254.37
2014-12-01,253.56,258.9,253.3,258.78
2014-12-02,257.01,257.65,253.17,253.33
2014-12-03,252.83,254.2,252.29,253.04
2014-12-04,252.73,253.43,252.11,253.08
2014-12-05,252.74,252.98,251.33,252.33
2014-12-08,250.63,250.98,247.92,248.13
2014-12-09,249.05,251.22,248.49,251.06
2014-12-10,249.34,249.76,246.3,246.93
2014-12-11,247.21,248.1,245.29,245.42
2014-12-12,245.22,245.61,243.34,243.75
2014-12-15,244.66,244.71,240.99,241.05
2014-12-16,238.65,240.63,237.48,238.75
2014-12-17,237.59,242.6,237.07,239.89
2014-12-18,242.24,242.56,237.8,237.87
2014-12-19,238.59,240.4,238.01,240.29
2014-12-22,239.36,239.53,236.47,236.61
2014-12-23,237.41,238.64,236.02,238.61
2014-12-24,236.49,237.1,234.75,235.34
2014-12-26,236.41,236.69,234.29,234.65
2014-12-29,235.65,236.21,232.41,233.24
2014-12-30,232.59,234.34,232.4,233.48
2014-12-31,231.09,231.52,228.99,229.96
2015-01-02,228.98,229.99,228.16,228.41
2015-01-05,227.27,228.02,226.64,226.73
2015-01-06,226.42,227.36,224.74,225.38
2015-01-07,226.01,226.67,223.86,225.06
2015-01-08,225.59,226.54,224.57,225.88
2015-01-09,225.82,226.44,224.22,225.57
2015-01-12,222.93,223.06,220.79,220.83
2015-01-13,219.1,220.69,218.24,219.7
2015-01-14,219.02,223.51,218.69,223.28
2015-01-15,225.36,228.5,220.1,220.43
2015-01-16,220.65,224.4,220.37,224.24
2015-01-20,221.35,221.35,218.86,218.97
2015-01-21,219.82,221.52,219.77,221.23
2015-01-22,222.06,222.34,217.67,218.34
2015-01-23,218.15,218.74,216.28,216.61
2015-01-26,216.29,217.81,215.65,216.05
2015-01-27,216.09,218.34,215.82,217.91
2015-01-28,216.82,216.87,214.59,214.99
2015-01-29,214.27,214.77,211.27,212.64
2015-01-30,213.26,218.86,212.07,218.84
2015-02-02,219.55,220.89,218.26,220.44
2015-02-03,223.51,229.09,222.36,227.42
2015-02-04,226.16,226.67,219.7,220.48
2015-02-05,221.47,225.1,220.9,223.17
2015-02-06,225.1,226.54,223.98,224.85
2015-02-09,225.99,229.18,225.76,227.91
2015-02-10,226.61,227.74,223.44,223.65
2015-02-11,223.92,224,221.15,221.99
2015-02-12,224.39,226.36,223.46,226.1
2015-02-13,227.69,229.57,227.48,229.19
2015-02-17,229.33,229.55,225.26,228.8
2015-02-18,227.49,228.48,226.51,227.28
2015-02-19,224.79,227.2,223.29,226.25
2015-02-20,226.98,227.42,224.7,224.76
2015-02-23,222.29,223.47,221.68,221.97
2015-02-24,222.21,224.21,222.19,222.25
2015-02-25,222.31,224.03,221.27,223.95
2015-02-26,223.32,223.36,220.54,220.95
2015-02-27,222.62,224.17,221.9,224.08
2015-03-02,222.5,224.53,221.84,221.98
2015-03-03,222.24,222.8,221.12,222.02
2015-03-04,222.14,223.51,220.11,223.2
2015-03-05,223.55,223.76,221.73,222.12
2015-03-06,222.51,222.51,218.95,220.14
2015-03-09,220.14,220.57,219.15,219.31
2015-03-10,218.05,218.29,215.76,216.05
2015-03-11,216.07,216.87,215.01,215.89
2015-03-12,217.38,217.41,214.3,214.66
2015-03-13,213.41,213.5,210.55,210.7
2015-03-16,210.22,210.68,208.21,210.12
2015-03-17,208.4,209.75,207.55,209
2015-03-18,207.66,212.13,206.81,212.04
2015-03-19,211.31,211.38,209.71,210.99
2015-03-20,210.58,214.7,210.58,214.11
2015-03-23,213.63,215.77,212.83,215.76
2015-03-24,216.17,217.4,214.95,215.53
2015-03-25,215.46,217.57,215.21,217.16
2015-03-26,219.95,220.14,217.52,219.49
2015-03-27,218.13,218.46,215.12,215.16
2015-03-30,213.98,215.5,212.83,214.25
2015-03-31,212.5,214.56,211.78,211.86
2015-04-01,211.81,216.87,211.75,216.12
2015-04-02,214.36,216.55,214.3,216.09
2015-04-06,217.62,220.21,217.39,220.02
2015-04-07,219.38,221.85,218.7,221.85
2015-04-08,220.22,220.73,216.37,216.4
2015-04-09,217.46,217.72,215.87,216.13
2015-04-10,216.67,217.57,215.75,217.12
2015-04-13,217.81,218.71,216.69,216.83
2015-04-14,217.37,219.57,216.97,219.04
2015-04-15,219.64,223.72,219.57,223.58
2015-04-16,222.78,226.39,222.76,225.72
2015-04-17,225.37,225.94,223.39,223.94
2015-04-20,221.95,224,221.52,222.72
2015-04-21,222.17,222.67,220.59,221.04
2015-04-22,221.07,221.93,220.59,220.78
2015-04-23,221.19,224.76,221.11,223.69
2015-04-24,223.75,224.6,222.59,224.05
2015-04-27,223.65,224.67,223.09,223.97
2015-04-28,224,225.51,223.73,224.69
2015-04-29,224.12,227.97,223.76,227.29
2015-04-30,228.3,229.65,227.07,229.49
2015-05-01,229.25,229.34,226.44,227.95
2015-05-04,228.22,228.5,226.99,227.84
2015-05-05,229.02,231.37,228.96,230.84
2015-05-06,232.01,233.53,229.77,230.26
2015-05-07,230.53,230.73,226.35,226.83
2015-05-08,227.89,229.3,226.71,229.16
2015-05-11,228.86,229.44,227.76,228.27
2015-05-12,230.12,231.35,228.94,231.09
2015-05-13,231.56,232.35,230.73,231.14
2015-05-14,231.72,232.05,230.86,231.77
2015-05-15,231.44,231.57,229.76,231.46
2015-05-18,232.09,232.23,230.27,230.68
2015-05-19,229.47,229.66,226.18,226.22
2015-05-20,226.99,227.23,226,226.43
2015-05-21,227.78,229.06,227.24,228.24
2015-05-22,227.72,227.75,225.46,225.56
2015-05-26,224.71,224.74,221.37,221.72
2015-05-27,221.88,221.91,220.02,220.19
2015-05-28,220.46,220.93,218.92,220.91
2015-05-29,222.12,223.64,221.17,223.18
2015-06-01,222.75,224.17,222.54,223.48
2015-06-02,224.78,225.88,224.25,225.82
2015-06-03,224.49,225.4,223.14,223.58
2015-06-04,223.44,223.96,221.39,221.66
2015-06-05,221.82,222.59,219.33,222.53
2015-06-08,222.37,223.2,222.32,223.03
2015-06-09,224.78,226.69,224.37,226.43
2015-06-10,228.84,229.33,227.14,228.18
2015-06-11,226.48,226.95,224.81,225.31
2015-06-12,224.13,225.02,223.51,223.53
2015-06-15,222.26,222.81,221.62,222.55
2015-06-16,223.06,223.91,222.33,223.77
2015-06-17,225.57,225.74,222.09,223.52
2015-06-18,224.49,224.75,223.62,224.12
2015-06-19,222.53,222.76,221.1,222.13
2015-06-22,222.49,223.29,221.1,223.23
2015-06-23,223.38,224.74,222.65,224.36
2015-06-24,224.79,225.56,223.67,224.04
2015-06-25,224.11,224.47,223.17,224.35
2015-06-26,224.76,225.5,223.68,224.88
2015-06-29,223.75,224.71,223.51,223.58
2015-06-30,223.589,227.473,223.163,227.17
2015-07-01,225.74,226.17,223.53,224.06
2015-07-02,224.44,226.21,224.11,224.55
2015-07-06,219.63,220.21,217.81,217.87
2015-07-07,217.12,217.34,213.11,215.53
2015-07-08,215.84,217.01,214.61,215.26
2015-07-09,217.59,218.25,216.46,217.59
2015-07-10,218.69,219.18,217.2,218.25
2015-07-13,217.92,219.75,216.95,218.51
2015-07-14,218.33,219.9,218.03,219.38
2015-07-15,218.52,218.95,216.42,216.62
2015-07-16,217.18,217.25,215.53,215.55
2015-07-17,215.05,215.14,213.63,214.54
2015-07-20,213.39,213.51,211.53,211.84
2015-07-21,212.03,213.3,211.43,212.01
2015-07-22,210.31,211.31,209.18,209.3
2015-07-23,209.76,209.76,206.82,206.97
2015-07-24,206.5,206.75,204.77,205.04
2015-07-27,203.56,204.16,202.65,202.69
2015-07-28,203.07,204.84,202.73,204.39
2015-07-29,204.18,206.58,203.78,205.49
2015-07-30,205.94,206.31,204.48,204.72
2015-07-31,203.66,205.64,202.3,202.57
2015-08-03,200.93,201.23,199.22,199.3
2015-08-04,200.98,201.34,200.34,200.87
2015-08-05,201.22,202,199.34,199.78
2015-08-06,198.78,198.98,197.97,198.54
2015-08-07,198.54,198.93,197.84,198.32
2015-08-10,199.03,202.45,198.75,202.45
2015-08-11,200.86,200.86,198.82,199.31
2015-08-12,199.77,200.56,198.12,198.9
2015-08-13,198.88,199.25,197.38,197.83
2015-08-14,197.8,198.57,197.45,197.97
2015-08-17,196.91,197.68,196.45,196.53
2015-08-18,195.92,197.06,195.35,196.77
2015-08-19,196.8,196.85,193.22,193.75
2015-08-20,193.3,195.3,193.29,194.66
2015-08-21,193.49,193.67,190.42,191.34
2015-08-24,186.8,188.75,185.13,186.22
2015-08-25,188.98,189.51,186.89,187.66
2015-08-26,187.37,188.12,185.2,185.28
2015-08-27,187.96,192.77,187.89,192.63
2015-08-28,192.65,198.16,192.01,197.1
2015-08-31,195.25,202.13,193.39,202.09
2015-09-01,199.79,199.91,195.88,196
2015-09-02,195.12,197.48,192.68,196.78
2015-09-03,197.05,200.54,196.36,198.5
2015-09-04,198.18,198.87,196.61,196.7
2015-09-08,197.18,198.78,195.8,198.39
2015-09-09,197.61,198.6,195.72,195.8
2015-09-10,196.07,198.12,195.44,198.01
2015-09-11,196.57,197.61,194.81,196.72
2015-09-14,196.55,196.85,195.51,195.8
2015-09-15,196.33,196.5,195.36,196.02
2015-09-16,196.76,199.66,196.69,198.98
2015-09-17,198.11,199.45,197.53,198.22
2015-09-18,197.92,197.92,193.75,194.18
2015-09-21,195.73,196.85,195.2,196.85
2015-09-22,194.8,195.11,193.44,194.82
2015-09-23,195.87,196.27,192.35,192.38
2015-09-24,192.13,193.73,191.17,193.58
2015-09-25,194.55,196.16,194.23,195.71
2015-09-28,194.11,194.59,192.57,192.8
2015-09-29,193.3,194.23,192.72,193.57
2015-09-30,193.987,195.482,193.389,193.765
2015-10-01,195.23,196.49,192.43,192.51
2015-10-02,192.67,194.42,191.43,194.11
2015-10-05,194.93,197.23,194.85,196.38
2015-10-06,196.18,200.35,196.1,200.13
2015-10-07,201.73,202.25,199.21,199.59
2015-10-08,199.37,201.91,199.26,201.3
2015-10-09,203.36,203.68,201.61,202.69
2015-10-12,203.52,203.62,199.68,199.73
2015-10-13,199.37,201.43,198.92,199.46
2015-10-14,199.74,200.4,198.92,199.83
2015-10-15,199.54,199.89,197.79,198.99
2015-10-16,198.47,199.76,197.44,199.45
2015-10-19,198.06,198.11,196.72,196.73
2015-10-20,197.01,198.26,196.6,197.42
2015-10-21,196.56,196.6,194.91,195.59
2015-10-22,196.99,197.51,195.1,195.61
2015-10-23,196.35,196.45,193.23,193.71
2015-10-26,193.69,193.76,192.23,192.28
2015-10-27,191.75,192.09,190.89,191.34
2015-10-28,191.93,195.26,191.64,195.07
2015-10-29,194.13,195.7,193.72,194.16
2015-10-30,194.651,196.169,193.925,195.607
2015-11-02,194.1,195.28,193.84,194.91
2015-11-03,195.53,198.15,195.42,197.56
2015-11-04,197.69,198.32,194.06,194.13
2015-11-05,194.14,194.23,192.35,192.44
2015-11-06,192.86,193.14,190.32,191.03
2015-11-09,191.88,192.1,189.08,189.22
2015-11-10,189.62,190.81,189.03,189.42
2015-11-11,189.23,190.35,188,188.35
2015-11-12,187.62,188.05,186.28,186.43
2015-11-13,186.69,186.92,184.21,184.77
2015-11-16,186.07,186.07,183.23,185.42
2015-11-17,184.49,185.03,183.62,183.71
2015-11-18,184.06,184.59,182.56,183.6
2015-11-19,183.16,184.93,182.96,184.12
2015-11-20,183.85,185.16,183.65,183.73
2015-11-23,182.98,184.29,182,183.43
2015-11-24,184.31,186.34,184.31,185.27
2015-11-25,184.02,185.98,183.21,185.7
2015-11-27,185.07,185.12,183.21,183.24
2015-11-30,183.345,184.384,182.422,182.54
2015-12-01,183.189,184.804,182.369,184.393
2015-12-02,183.333,183.774,180.72,180.847
2015-12-03,181.68,184.419,181.339,183.304
2015-12-04,183.99,184.57,181.78,183.24
2015-12-07,181.93,182.03,178.49,178.57
2015-12-08,177.38,179.14,176.52,177.39
2015-12-09,178.23,180.05,176.49,177.56
2015-12-10,177.83,178.081,176.662,177.028
2015-12-11,176.169,176.594,174.658,174.856
2015-12-14,172.09,174.8,172.09,174.26
2015-12-15,174.22,175.69,173.6,174.23
2015-12-16,173.563,174.5,171.507,171.812
2015-12-17,171.697,172.087,170.056,170.701
2015-12-18,170.754,173.386,170.493,172.158
2015-12-21,171.06,172.82,171.01,172.42
2015-12-22,172.106,172.965,171.701,171.953
2015-12-23,173.081,175.34,172.896,175.217
2015-12-24,175.574,176.396,175.559,176.094
2015-12-25,175.57,176.39,175.55,176.09
2015-12-28,174.505,174.996,174.205,174.463
2015-12-29,175.479,177.496,175.463,177.344
2015-12-30,175.697,176.24,174.697,174.895
2015-12-31,174.951,177.645,174.883,176.271
2016-01-04,176.144,176.144,174.079,174.486
2016-01-05,174.333,174.866,172.62,173.067
2016-01-06,170.636,171.434,169.197,169.454
2016-01-07,167.967,170.227,167.26,168.54
2016-01-08,169.478,169.583,167.757,168.578
2016-01-11,167.204,167.898,163.555,164.237
2016-01-12,164.017,165.082,161.418,162.075
2016-01-13,163.322,164.461,161.824,162.391
2016-01-14,162.402,163.712,161.934,163.122
2016-01-15,160.654,161.318,159.488,159.935
2016-01-19,161.515,161.702,159.384,159.482
2016-01-20,157.709,157.921,154.846,156.318
2016-01-21,155.99,160.466,155.92,159.14
2016-01-22,162.461,163.983,161.928,163.803
2016-01-25,162.514,162.846,160.321,160.459
2016-01-26,160.64,164.038,160.045,162.679
2016-01-27,161.789,165.161,161.156,164.18
2016-01-28,164.562,167.941,164.497,165.218
2016-01-29,166.266,167.52,164.888,166.753
2016-02-01,164.281,164.881,162.768,163.487
2016-02-02,161.583,161.669,159.603,160.181
2016-02-03,160.366,164.256,160.093,164.187
2016-02-04,164.124,166.456,163.21,163.453
2016-02-05,164.172,164.514,161.864,161.932
2016-02-08,160.609,162.107,160.433,160.58
2016-02-09,159.661,160.425,156.379,156.578
2016-02-10,157.357,158.429,156.042,156.399
2016-02-11,155.567,156.882,154.891,155.01
2016-02-12,157.415,160.439,157.199,160.363
2016-02-16,161.116,161.116,158.28,158.865
2016-02-17,160.469,163.092,159.372,162.538
2016-02-18,163.244,164.033,161.67,161.89
2016-02-19,161.119,161.185,158.945,159.633
2016-02-22,161.737,163.395,161.737,162.637
2016-02-23,162.9,163.183,159.877,160.436
2016-02-24,158.758,161.831,158.266,161.495
2016-02-25,161.13,163.19,159.61,162.64
2016-02-26,163.666,165.266,161.556,161.67
2016-02-29,161.694,163.507,161.511,163.216
2016-03-01,164.414,164.513,162.134,163.87
2016-03-02,163.431,165.353,162.969,164.615
2016-03-03,164.929,165.857,163.961,165.037
2016-03-04,165.879,168.64,165.786,168.549
2016-03-07,168.549,172.115,168.549,171.703
2016-03-08,172.168,172.383,169.369,169.469
2016-03-09,170.366,172.283,170.072,172.219
2016-03-10,172.095,172.447,170.597,171.887
2016-03-11,173.316,174.183,172.914,173.526
2016-03-14,171.88,172.583,171.049,172.384
2016-03-15,171.044,171.906,170.457,171.072
2016-03-16,171.57,173.827,171.224,173.758
2016-03-17,175.626,177.682,175.14,177.656
2016-03-18,178.249,178.68,176.318,176.346
2016-03-21,175.886,177.034,175.408,176.365
2016-03-22,176.036,177.227,175.694,177.116
2016-03-23,176.316,176.377,173.195,173.24
2016-03-24,171.417,172.57,170.649,172.18
2016-03-28,172.037,172.73,171.597,172.566
2016-03-29,171.17,171.92,170.164,171.468
2016-03-30,172.552,173.72,170.812,170.973
2016-03-31,170.734,172.218,170.074,170.521
2016-04-01,169.164,169.196,167.271,168.027
2016-04-04,168.163,168.901,165.668,165.791
2016-04-05,166.107,166.134,164.712,165.225
2016-04-06,165.909,167.961,165.416,167.525
2016-04-07,167.501,167.575,165.902,166.838
2016-04-08,168.937,171.073,168.652,171.041
2016-04-11,170.392,172.176,170.314,171.825
2016-04-12,173.029,175.558,172.535,175.486
2016-04-13,175.084,176.236,174.89,175.653
2016-04-14,175.482,175.953,174.665,174.774
2016-04-15,173.094,174.231,172.356,173.636
2016-04-18,172.282,174.803,171.585,174.112
2016-04-19,175.362,178.011,175.153,177.923
2016-04-20,177.262,181.533,176.639,181.436
2016-04-21,182.274,182.729,179.29,179.877
2016-04-22,179.616,181.786,179.419,179.654
2016-04-25,179.003,180.375,178.614,178.869
2016-04-26,179.445,181.596,179.28,181.483
2016-04-27,182.553,182.909,180.083,182.489
2016-04-28,181.849,183.393,181.797,183.162
2016-04-29,184.097,185.241,183.606,184.611
2016-05-02,184.371,184.537,182.192,182.528
2016-05-03,181.931,182.215,179.137,179.844
2016-05-04,179.64,181.431,179.071,179.872
2016-05-05,181.525,183.07,178.48,178.925
2016-05-06,178.317,181.124,178.024,179.91
2016-05-09,179.688,179.688,176.857,177.035
2016-05-10,177.586,180.369,177.544,180.281
2016-05-11,181.284,183.438,179.821,183.335
2016-05-12,184.213,184.301,181.851,183.646
2016-05-13,182.318,182.939,181.71,182.548
2016-05-16,183.761,184.7,183.391,184.584
2016-05-17,184.657,186.118,184.594,185.856
2016-05-18,185.13,186.301,184.485,185.399
2016-05-19,183.427,183.917,182.006,183.882
2016-05-20,184.067,185.358,183.538,184.207
2016-05-23,183.618,183.745,182.49,183.195
2016-05-24,183.382,184.436,182.692,183.345
2016-05-25,184.027,185.33,183.801,185.3
2016-05-26,186.398,186.433,184.506,185.586
2016-05-27,184.826,186.329,184.673,186.137
2016-05-31,186.597,187.684,186.08,186.153
2016-06-01,185.328,186.953,184.319,186.825
2016-06-02,187.387,188.6,186.152,188.025
2016-06-03,188.514,189.348,187.951,188.669
2016-06-06,190.278,191.815,190.278,191.27
2016-06-07,191.372,192.445,191.307,192.427
2016-06-08,193.855,195.878,193.779,195.822
2016-06-09,194.571,195.487,194.31,195.099
2016-06-10,193.979,194.461,192.629,192.888
2016-06-13,193.042,193.732,192.339,192.899
2016-06-14,191.171,192.275,190.775,192.208
2016-06-15,192.156,192.608,191.33,191.74
2016-06-16,190.988,191.167,188.703,188.894
2016-06-17,190.933,192.439,190.933,192.375
2016-06-20,193.217,194.425,192.784,194.406
2016-06-21,192.315,193.122,191.645,193.077
2016-06-22,193.304,193.911,191.148,191.809
2016-06-23,192.856,193.568,191.768,193.524
2016-06-24,189.443,190.078,188.53,188.689
2016-06-27,188.323,188.666,187.014,187.568
2016-06-28,190.706,191.612,189.979,191.545
2016-06-29,192.365,194.732,192.365,194.636
2016-06-30,193.849,193.936,192.198,192.574
2016-07-01,192.741,194.342,192.345,194.26
2016-07-05,192.068,192.226,188.986,189.66
2016-07-06,187.616,190.215,187.343,189.956
2016-07-07,190.708,191.469,185.365,185.702
2016-07-08,186.44,187.427,185.826,187.173
2016-07-11,188.012,188.971,186.599,186.707
2016-07-12,188.793,190.391,187.423,190.228
2016-07-13,190.521,191.469,188.311,188.589
2016-07-14,190.764,190.97,189.655,190.096
2016-07-15,190.106,190.919,188.783,188.858
2016-07-18,188.315,188.445,186.699,188.194
2016-07-19,188.518,188.663,186.014,186.104
2016-07-20,185.582,186.29,184.151,185.086
2016-07-21,185.09,185.627,183.56,183.666
2016-07-22,183.369,183.613,181.716,182.901
2016-07-25,182.355,182.515,180.903,181.31
2016-07-26,180.468,181.776,179.925,181.219
2016-07-27,180.966,182.105,179.37,179.619
2016-07-28,180.068,180.433,179.03,179.215
2016-07-29,178.287,181.138,177.989,181.014
2016-08-01,180.197,180.415,177.956,178.213
2016-08-02,179.195,180.09,176.67,177.317
2016-08-03,177.826,180.136,177.346,179.789
2016-08-04,179.249,181.559,178.99,181.346
2016-08-05,181.159,181.947,180.43,181.799
2016-08-08,183.079,183.308,182.524,182.795
2016-08-09,182.27,182.886,181.268,181.43
2016-08-10,181.747,182.545,179.442,179.549
2016-08-11,179.539,182.64,179.241,181.99
2016-08-12,181.722,183.16,181.611,182.681
2016-08-15,183.076,185.144,183.076,185.144
2016-08-16,186.031,186.642,184.669,186.637
2016-08-17,186.264,186.962,185.629,186.898
2016-08-18,187.3,189.522,187.156,189.339
2016-08-19,188.389,188.78,187.865,188.78
2016-08-22,186.858,187.859,186.824,187.081
2016-08-23,186.614,188.527,185.94,188.375
2016-08-24,187.081,187.934,185.432,185.746
2016-08-25,185.461,186.527,185.312,186.243
2016-08-26,186.106,188.196,185.256,186.111
2016-08-29,184.759,185.034,184.125,184.434
2016-08-30,184.95,185.145,182.387,182.823
2016-08-31,182.153,182.573,179.977,180.207
2016-09-01,180.419,180.513,178.008,178.209
2016-09-02,179.397,180.73,179.24,179.994
2016-09-06,180.269,180.979,178.992,180.895
2016-09-07,181.493,182.501,180.912,182.469
2016-09-08,183.443,185.779,182.679,185.631
2016-09-09,184.104,184.294,182.474,182.535
2016-09-12,181.464,183.773,181.03,182.936
2016-09-13,181.761,182.368,180.48,180.56
2016-09-14,181.005,181.212,179.174,179.495
2016-09-15,180.017,181.154,179.238,180.676
2016-09-16,179.699,180.958,179.16,180.784
2016-09-19,181.849,182.83,181.361,181.639
2016-09-20,181.297,183.068,180.955,182.97
2016-09-21,184.165,185.024,183.802,184.86
2016-09-22,186.758,187.303,185.902,186.323
2016-09-23,185.516,186.02,182.607,183.097
2016-09-26,183.728,185.257,183.421,184.981
2016-09-27,183.803,184.013,182.248,183.105
2016-09-28,183.504,186.309,181.91,185.903
2016-09-29,186.126,186.836,185.111,185.828
2016-09-30,185.475,186.401,185.319,186.316
2016-10-03,186.38,187.286,184.835,187.03
2016-10-04,186.563,187.713,186.354,187.304
2016-10-05,188.517,188.943,187.763,188.782
2016-10-06,188.336,188.706,187.552,188.542
2016-10-07,188.561,189.457,187.924,188.316
2016-10-10,188.87,190.711,188.798,190.278
2016-10-11,189.635,190.062,188.59,189.16
2016-10-12,189.49,189.511,187.819,188.066
2016-10-13,188.153,189.233,187.479,189.144
2016-10-14,189.904,190.054,188.976,189.467
2016-10-17,189.712,189.727,188.201,189.394
2016-10-18,189.851,190.214,189.281,189.78
2016-10-19,190.081,191.351,189.872,190.768
2016-10-20,189.869,189.997,188.496,188.775
2016-10-21,188.835,189.571,188.013,189.395
2016-10-24,188.84,189.647,188.354,189.438
2016-10-25,190.087,190.087,188.637,189.347
2016-10-26,188.317,189.606,188.041,188.72
2016-10-27,189.207,190.315,188.808,190.047
2016-10-28,189.23,190.699,188.826,189.207
2016-10-31,188.713,188.715,186.206,186.276
2016-11-01,187.38,187.69,185.331,185.811
2016-11-02,184.785,185.119,183.544,184.292
2016-11-03,184.435,184.837,183.081,183.38
2016-11-04,183.067,183.297,181.714,182.504
2016-11-07,183.34,183.698,182.405,183.495
2016-11-08,182.896,184.225,182.517,183.552
2016-11-09,183.676,185.079,182.876,183.989
2016-11-10,184.092,184.256,182.911,183.334
2016-11-11,183.294,183.862,180.419,180.74
2016-11-14,180.14,180.729,178.94,180.255
2016-11-15,181.672,183.236,181.347,183.078
2016-11-16,182.483,183.531,181.908,182.339
2016-11-17,183.38,183.638,182.178,182.44
2016-11-18,182.907,183.268,181.941,183.135
2016-11-21,185.232,187.541,185.031,187.308
2016-11-22,187.092,187.952,186.292,187.563
2016-11-23,186.938,188.075,185.842,187.685
2016-11-25,187.217,187.217,185.577,185.726
2016-11-28,187.278,188.51,186.849,187.76
2016-11-29,185.29,185.636,183.826,183.979
2016-11-30,188.178,190.001,187.668,189.312
2016-12-01,190.439,192.629,190.439,191.406
2016-12-02,190.108,191.733,190.108,191.694
2016-12-05,192.832,194.909,192.676,193.475
2016-12-06,192.921,193.074,191.787,192.526
2016-12-07,192.491,192.491,190.819,190.852
2016-12-08,191.04,191.452,189.882,191.412
2016-12-09,191.505,192.26,191.086,191.979
2016-12-12,193.979,194.724,193.175,193.346
2016-12-13,194.202,194.218,192.445,193.457
2016-12-14,192.339,193.389,191.761,191.786
2016-12-15,190.705,191.253,189.432,190.476
2016-12-16,190.399,191.657,190.214,191.429
2016-12-19,191.147,191.464,190.707,191.222
2016-12-20,191.135,191.345,190.179,190.567
2016-12-21,191.228,191.974,190.471,190.781
2016-12-22,189.845,191.156,189.845,190.309
2016-12-23,189.758,191.047,189.564,190.529
2016-12-27,191.206,193.089,191.142,192.753
2016-12-28,192.462,193.355,192.015,193.033
2016-12-29,193.513,193.564,192.691,192.897
2016-12-30,192.811,193.319,192.15,192.512
2017-01-03,193.521,193.785,189.935,190.146
2017-01-04,191.064,193.028,190.978,192.977
2017-01-05,193.602,194.192,192.547,193.706
2017-01-06,193.712,194.113,192.721,193.541
2017-01-09,191.562,191.809,190.554,190.605
2017-01-10,191.018,191.841,191.018,191.139
2017-01-11,191.312,192.948,190.651,192.292
2017-01-12,194.074,195.182,193.993,194.97
2017-01-13,194.003,195.011,193.922,194.54
2017-01-17,195.836,196.364,195.1,195.136
2017-01-18,193.88,194.55,193.14,193.356
2017-01-19,193.968,194.071,192.708,192.965
2017-01-20,193.572,194.693,193.467,194.015
2017-01-23,193.631,194.773,193.392,194.442
2017-01-24,195.305,195.842,194.855,194.947
2017-01-25,193.999,195.281,193.733,193.979
2017-01-26,194.162,195.279,194.009,194.256
2017-01-27,193.196,193.752,192.619,193.432
2017-01-30,192.744,192.794,191.231,191.263
2017-01-31,191.664,192.835,191.485,192.035
2017-02-01,192.837,194.353,192.568,194.335
2017-02-02,194.404,194.771,193.272,193.52
2017-02-03,192.742,193.865,192.535,193.202
2017-02-06,193.716,193.716,192.097,192.164
2017-02-07,191.602,191.94,190.855,191.374
2017-02-08,191.075,192.639,190.975,192.265
2017-02-09,193.073,193.5,192.488,192.756
2017-02-10,193.429,194.375,193.336,194.038
2017-02-13,193.253,193.296,191.889,192.06
2017-02-14,192.809,193.082,191.695,192.279
2017-02-15,192.089,193.403,191.831,193.257
2017-02-16,193.528,193.946,192.464,192.763
2017-02-17,191.886,192.374,191.617,192.123
2017-02-21,193.097,193.175,191.988,192.05
2017-02-22,191.601,192.01,191.015,191.227
2017-02-23,192.697,193.115,191.386,191.634
2017-02-24,191.52,191.554,190.576,190.931
2017-02-27,190.958,191.068,189.833,189.881
2017-02-28,189.72,190.641,189.176,190.621
2017-03-01,191.072,191.389,190.438,191.269
2017-03-02,190.288,190.288,188.694,188.812
2017-03-03,188.867,189.775,188.792,189.715
2017-03-06,190.042,190.754,189.347,189.421
2017-03-07,189.254,189.562,187.975,188.019
2017-03-08,187.681,188.11,184.86,185.053
2017-03-09,183.526,184.816,182.41,183.221
2017-03-10,183.543,184.573,182.413,182.649
2017-03-13,182.846,183.453,182.622,183.156
2017-03-14,182.852,182.852,181.553,182.118
2017-03-15,183.65,184.018,182.899,183.795
2017-03-16,185.03,185.049,183.912,184.041
2017-03-17,184.454,184.671,183.777,184.48
2017-03-20,184.013,185.302,183.579,184.781
2017-03-21,185.272,185.321,183.97,184.288
2017-03-22,183.117,184.329,182.853,183.854
2017-03-23,184.093,184.147,183.097,183.643
2017-03-24,183.841,183.906,183.191,183.465
2017-03-27,183.092,183.202,182.145,183.098
2017-03-28,183.693,184.424,183.495,184.078
2017-03-29,184.104,185.258,183.93,185.209
2017-03-30,184.753,186.172,184.605,185.52
2017-03-31,185.391,186.1,184.931,185.883
2017-04-03,186.3,186.562,184.467,184.525
2017-04-04,184.875,185.699,184.602,185.594
2017-04-05,186.829,187.082,185.8,186.147
2017-04-06,186.531,186.997,186.288,186.781
2017-04-07,186.727,187.246,185.995,187.105
2017-04-10,187.613,187.739,187.097,187.627
2017-04-11,187.616,188.007,186.884,187.996
2017-04-12,188.249,188.511,187.233,187.382
2017-04-13,187.819,188.275,187.353,187.769
2017-04-17,187.418,188.076,187.288,187.392
2017-04-18,186.65,187.005,185.904,186.545
2017-04-19,186.693,187.016,183.589,183.918
2017-04-20,184.359,184.359,182.941,183.037
2017-04-21,183.09,183.446,181.428,181.871
2017-04-24,182.288,182.351,180.693,180.932
2017-04-25,180.738,181.92,180.388,181.909
2017-04-26,181.753,182.826,181.21,181.708
2017-04-27,180.273,180.699,179.722,180.491
2017-04-28,181.301,181.921,180.594,181.725
2017-05-01,181.959,182.17,181.269,181.589
2017-05-02,182.149,182.149,180.102,180.339
2017-05-03,180.025,180.638,179.54,180.399
2017-05-04,179.138,179.138,176.749,177.008
2017-05-05,177.085,178.694,176.68,177.924
2017-05-08,177.579,178.492,177.136,178.132
2017-05-09,178.203,178.585,176.999,177.293
2017-05-10,178.018,179.984,177.954,179.509
2017-05-11,180.459,180.615,179.584,180.441
2017-05-12,180.803,181.735,180.8,181.691
2017-05-15,184.211,184.658,182.739,182.741
2017-05-16,183.002,183.215,181.997,182.138
2017-05-17,182.842,183.659,182.425,183.244
2017-05-18,181.514,183.025,181.22,182.507
2017-05-19,183.74,185.104,183.726,185.077
2017-05-22,185.847,186.345,185.476,186.073
2017-05-23,185.41,186.067,184.795,185.056
2017-05-24,184.536,184.673,183.363,183.918
2017-05-25,183.256,184.038,180.786,181.153
2017-05-26,180.583,182.038,180.195,182.005
2017-05-30,181.166,181.62,180.502,181.328
2017-05-31,180.147,180.43,178.989,179.772
2017-06-01,179.642,180.1,178.998,179.09
2017-06-02,177.543,178.473,177.467,177.963
2017-06-05,177.277,177.486,176.852,177.296
2017-06-06,177.331,178.298,177.084,178.077
2017-06-07,177.998,178.07,175.527,175.611
2017-06-08,175.979,176.672,175.685,176.098
2017-06-09,176.237,177.215,176.035,176.765
2017-06-12,177.757,177.81,175.893,175.934
2017-06-13,175.749,175.992,175.075,175.835
2017-06-14,175.078,175.73,172.912,173.024
2017-06-15,172.336,173.022,172.056,172.783
2017-06-16,173.437,173.461,172.733,173.052
2017-06-19,172.674,172.674,171.153,171.283
2017-06-20,169.867,169.879,168.696,169.658
2017-06-21,169.96,170.076,166.91,167.424
2017-06-22,167.589,167.776,166.482,166.5
2017-06-23,167.174,168.022,166.744,167.744
2017-06-26,168.106,168.602,167.162,168.569
2017-06-27,169.91,170.445,169.319,170.013
2017-06-28,170.046,171.107,169.782,170.975
2017-06-29,171.989,172.557,171.529,171.886
2017-06-30,172.704,174.822,172.48,174.776
2017-07-03,175.005,176.73,174.827,176.156
2017-07-05,175.197,175.702,173.361,173.653
2017-07-06,174.391,175.105,173.774,174.428
2017-07-07,172.779,173.492,171.883,172.56
2017-07-10,172.686,173.317,172.259,172.742
2017-07-11,171.561,174.057,171.433,173.923
2017-07-12,174.32,175.109,173.559,173.876
2017-07-13,173.245,174.956,173.245,174.349
2017-07-14,175.235,176.338,174.632,176.284
2017-07-17,176.679,176.8,175.829,175.879
2017-07-18,177.644,178.013,176.34,176.878
2017-07-19,177.389,178.8,177.243,178.656
2017-07-20,179.057,179.74,178.352,178.398
2017-07-21,177.601,177.992,176.541,176.661
2017-07-24,176.16,176.669,175.998,176.233
2017-07-25,177.092,177.949,177.005,177.666
2017-07-26,177.762,179.524,177.713,179.455
2017-07-27,179.617,181.407,179.614,181.142
2017-07-28,181.087,182.575,181.087,182.12
2017-07-31,181.926,182.694,181.423,182.642
2017-08-01,182.227,182.358,179.691,180.756
2017-08-02,180.67,182.03,180.266,181.982
2017-08-03,181.918,182.093,180.6,180.648
2017-08-04,180.497,180.943,179.981,180.683
2017-08-07,180.3,180.975,179.609,180.971
2017-08-08,181.214,181.416,180.273,181.089
2017-08-09,181.402,181.72,180.94,181.556
2017-08-10,182.22,182.547,178.829,178.914
2017-08-11,178.616,179.795,178.473,179.606
2017-08-14,178.542,179.086,177.392,177.506
2017-08-15,176.4,176.565,175.784,176.305
2017-08-16,176.719,176.742,175.246,175.357
2017-08-17,175.342,175.992,174.679,175.886
2017-08-18,176.207,177.667,175.184,177.497
2017-08-21,177.693,177.713,176.215,176.548
2017-08-22,176.693,177.191,176.309,176.728
2017-08-23,176.531,177.673,176.402,177.584
2017-08-24,177.96,178.221,176.983,177.796
2017-08-25,178.595,178.595,177.319,177.828
2017-08-28,178.122,178.694,177.574,178.012
2017-08-29,177.852,178.383,176.961,177.531
2017-08-30,177.348,177.497,176.568,176.875
2017-08-31,177.316,180.892,177.158,180.857
2017-09-01,180.627,181,179.608,180.946
2017-09-05,181.441,182.975,181.441,182.342
2017-09-06,182.701,183.289,182.347,183
2017-09-07,182.885,183.158,182.446,182.868
2017-09-08,182.88,183.125,180.873,181.175
2017-09-11,180.734,181.827,180.236,181.66
2017-09-12,181.519,182.209,180.916,181.411
2017-09-13,182.362,182.979,181.987,182.883
2017-09-14,183.3,184.31,183.175,183.31
2017-09-15,183.254,184.143,183.195,184.052
2017-09-18,183.701,184.242,183.099,183.734
2017-09-19,183.668,184.073,182.339,182.578
2017-09-20,183.438,184.94,183.313,184.634
2017-09-21,183.325,183.81,183.16,183.396
2017-09-22,183.738,184.149,183.189,183.569
2017-09-25,183.854,184.687,183.526,184.609
2017-09-26,184.33,184.33,183.103,183.396
2017-09-27,183.251,183.961,183.017,183.861
2017-09-28,184.016,184.108,182.559,182.99
2017-09-29,182.692,183.533,182.412,183.088
2017-10-02,181.275,181.275,180.309,180.909
2017-10-03,180.681,181.168,180.334,180.898
2017-10-04,181.14,181.861,181.026,181.291
2017-10-05,181.558,183.401,181.558,182.943
2017-10-06,182.193,182.193,180.482,180.955
2017-10-09,181.027,181.175,180.506,180.956
2017-10-10,182.214,183.493,182.064,183.196
2017-10-11,183.365,183.737,182.969,183.496
2017-10-12,182.8,183.798,182.345,183.275
2017-10-13,184.61,185.015,183.957,184.829
2017-10-16,185.599,185.734,184.418,184.621
2017-10-17,184.646,185.018,183.825,184.239
2017-10-18,184.215,184.506,183.6,183.992
2017-10-19,183.481,184.335,183.353,184.071
2017-10-20,183.983,184.397,183.35,184.117
2017-10-23,184.54,185.011,184.42,184.711
2017-10-24,184.986,185.866,184.467,185.824
2017-10-25,185.713,186.113,185.148,185.402
2017-10-26,185.223,186.072,184.78,185.935
2017-10-27,185.002,186.998,184.721,186.891
2017-10-30,187.094,187.799,187.024,187.53
2017-10-31,187.294,187.778,186.798,187.558
2017-11-01,188.842,188.842,187.486,187.942
2017-11-02,187.813,188.21,187.42,188.126
2017-11-03,188.526,189.437,187.818,189.38
2017-11-06,190.144,192.833,189.71,192.568
2017-11-07,191.933,192.304,191.383,191.847
2017-11-08,191.724,192.993,191.399,191.891
2017-11-09,191.816,192.658,191.784,191.869
2017-11-10,191.822,192.314,191.23,191.648
2017-11-13,191.375,192.158,191.217,191.448
2017-11-14,190.867,190.973,188.615,189.057
2017-11-15,188.234,188.85,188.032,188.638
2017-11-16,188.466,189.073,188.144,188.246
2017-11-17,189.226,190.526,189.04,190.386
2017-11-20,189.256,189.383,188.356,189.21
2017-11-21,189.199,190.342,189.117,189.829
2017-11-22,190.823,191.765,190.654,191.604
2017-11-23,190.823,191.765,190.654,191.604
2017-11-24,192.199,192.475,191.88,192.215
2017-11-27,191.793,192.225,190.99,191.629
2017-11-28,190.909,191.408,190.877,191.213
2017-11-29,191.239,192.163,190.361,190.905
2017-11-30,191.07,191.264,188.781,189.171
2017-12-01,190.123,191.452,189.813,190.686
2017-12-04,190.207,190.457,188.608,188.687
2017-12-05,187.931,188.293,187.375,187.468
2017-12-06,186.988,187.098,184.711,184.724
2017-12-07,184.323,184.59,183.863,184.471
2017-12-08,185.799,185.852,184.613,185.016
2017-12-11,185.452,185.746,185.1,185.492
2017-12-12,186.202,186.292,183.24,183.414
2017-12-13,184.461,184.643,183.316,183.365
2017-12-14,183.079,184.289,182.984,184.218
2017-12-15,184.771,185.093,184.323,184.524
2017-12-18,185.53,186.045,185.169,185.418
2017-12-19,185.627,186.357,185.58,186.016
2017-12-20,186.602,187.166,186.204,187.09
2017-12-21,186.735,187.756,186.244,187.736
2017-12-22,187.17,187.928,186.902,187.878
2017-12-26,188.352,190.574,188.352,190.474
2017-12-27,189.982,191.536,189.982,191.47
2017-12-28,191.847,193.062,191.832,193.042
2017-12-29,193.076,194.046,192.965,193.865
2018-01-02,194.248,194.928,193.824,194.716
2018-01-03,194.87,195.369,194.749,195.351
2018-01-04,194.895,195.735,194.734,195.367
2018-01-05,194.192,194.524,193.307,193.446
2018-01-08,193.506,193.506,192.462,192.918
2018-01-09,193.468,194.374,192.575,194.155
2018-01-10,195.253,195.307,194.317,194.865
2018-01-11,195.206,195.995,194.997,195.16
2018-01-12,195.08,196.056,194.423,196.056
2018-01-16,195.538,195.564,194.586,195.106
2018-01-17,195.07,196.544,195.02,196.405
2018-01-18,196.441,196.57,195.308,196.344
2018-01-19,195.984,196.224,195.089,195.503
2018-01-22,195.803,196.627,195.708,196.217
2018-01-23,196.528,197.337,196.457,196.939
2018-01-24,197.702,199.617,197.659,199.509
2018-01-25,200.582,201.189,199.262,199.345
2018-01-26,199.355,200.822,198.99,200.52
2018-01-29,199.864,200.058,199.057,199.536
2018-01-30,199.192,199.583,197.836,198.136
2018-01-31,197.228,197.603,196.766,197.376
2018-02-01,197.442,198.359,197.253,198.347
2018-02-02,198.25,198.739,196.513,197.441
2018-02-05,196.348,197.089,195.296,195.668
2018-02-06,194.536,195.693,194.343,194.746
2018-02-07,194.562,195.026,191.932,192.34
2018-02-08,192.237,192.985,191.427,191.773
2018-02-09,190.597,191.143,187.354,188.512
2018-02-12,190.01,190.294,189.062,189.083
2018-02-13,189.329,190.181,188.634,189.837
2018-02-14,189.205,192.408,188.173,192.387
2018-02-15,192.223,193.521,191.526,193.459
2018-02-16,193.623,193.922,192.788,193.581
2018-02-20,194.154,194.742,193.588,193.67
2018-02-21,193.405,194.28,193.295,194.174
2018-02-22,193.599,195.509,193.594,195.271
2018-02-23,195.137,196.281,195.039,195.994
2018-02-26,196.717,197.234,195.691,196.75
2018-02-27,196.367,196.391,195.078,195.394
2018-02-28,195.51,196.114,193.84,193.949
2018-03-01,192.97,194.156,192.19,193.948
2018-03-02,193.746,194.297,193.013,194.118
2018-03-05,194.149,196.689,194.142,196.669
2018-03-06,197.81,197.921,196.474,196.761
2018-03-07,196.365,196.52,194.116,194.437
2018-03-08,194.513,195.011,193.486,193.662
2018-03-09,193.94,195.212,193.75,195.149
2018-03-12,194.503,195.053,193.774,194.528
2018-03-13,194.631,195.505,193.723,194.279
2018-03-14,194.804,195.131,193.758,194.485
2018-03-15,194.865,194.918,193.605,193.887
2018-03-16,193.84,194.638,193.177,194.455
2018-03-19,193.838,194.149,192.722,192.898
2018-03-20,193.575,195.028,193.561,194.154
2018-03-21,195.303,196.475,194.988,196.019
2018-03-22,196.162,196.289,194.994,195.233
2018-03-23,195.031,196.273,194.97,196.263
2018-03-26,196.396,196.528,195.623,195.774
2018-03-27,196.217,196.687,195.271,195.568
2018-03-28,194.648,194.969,193.803,194.305
2018-03-29,194.63,195.807,194.3,195.364
2018-04-02,196.364,196.452,193.325,193.38
2018-04-03,193.471,193.966,193.027,193.209
2018-04-04,190.833,192.46,190.421,192.342
2018-04-05,192.295,193.85,192.242,193.808
2018-04-06,192.742,193.903,191.983,192.251
2018-04-09,193.025,195.132,193.02,194.969
2018-04-10,196.204,197.161,195.418,197.115
2018-04-11,197.621,199.546,197.365,198.83
2018-04-12,197.835,199.366,197.791,199.304
2018-04-13,199.318,200.202,199.298,199.698
2018-04-16,198.975,200.428,198.975,199.548
2018-04-17,199.237,199.605,198.567,199.384
2018-04-18,200.823,202.982,200.823,202.972
2018-04-19,203.88,203.917,201.468,201.858
2018-04-20,201.059,202.014,200.711,201.917
2018-04-23,201.78,201.848,200.214,200.725
2018-04-24,200.725,202.03,199.922,200.084
2018-04-25,200.084,200.765,199.187,200.689
2018-04-26,200.689,201.857,200.353,201.218
2018-04-27,201.218,201.572,200.294,201.389
2018-04-30,201.389,202.728,200.325,201.982
2018-05-01,201.074,201.627,200.747,201.256
2018-05-02,201.256,201.709,200.614,201.602
2018-05-03,201.602,202.234,200.948,202.103
2018-05-04,202.103,203.561,201.501,203.254
2018-05-07,203.254,204.332,203.254,203.639
2018-05-08,203.639,203.639,200.311,202.089
2018-05-09,202.089,204.091,202.089,203.702
2018-05-10,203.702,204.595,203.336,204.523
2018-05-11,204.523,204.523,203.423,203.559
2018-05-14,203.559,204.046,203.263,203.829
2018-05-15,203.829,204.617,202.26,203.453
2018-05-16,203.453,203.808,202.844,203.76
2018-05-17,203.76,204.766,203.307,203.562
2018-05-18,203.562,204.6,203.562,203.689
2018-05-21,204.41,205.846,204.327,205.691
2018-05-22,205.691,206.948,205.691,206.201
2018-05-23,206.201,206.586,205.341,206.376
2018-05-24,206.109,206.608,205.539,205.662
2018-05-25,204.505,204.521,202.717,203.343
2018-05-29,203.147,203.25,201.173,201.816
2018-05-30,201.754,203.465,201.677,203.293
2018-05-31,203.202,203.622,202.266,202.841
2018-06-01,202.703,202.899,201.616,201.71
2018-06-04,201.012,201.286,198.77,198.862
2018-06-05,198.159,199.239,197.905,199.186
2018-06-06,199.266,199.91,198.63,199.013
2018-06-07,199.963,200.32,199.194,199.486
2018-06-08,199.085,200.458,199.038,200.038
2018-06-11,199.232,200.323,198.896,199.393
2018-06-12,199.613,200.401,199.31,200.144
2018-06-13,199.461,200.542,199.285,200.091
2018-06-14,200.166,200.313,198.76,199.008
2018-06-15,198.05,198.054,196.041,196.237
2018-06-18,195.878,196.349,195.112,196.183
2018-06-19,193.676,193.92,192.515,193.825
2018-06-20,194.315,195.422,194.118,194.983
2018-06-21,193.962,194.951,193.96,194.4
2018-06-22,195.619,197.601,195.52,197.532
2018-06-25,196.785,197.344,195.128,195.345
2018-06-26,195.613,197.542,195.265,197.244
2018-06-27,197.803,199.185,197.578,198.947
2018-06-28,198.726,200.052,198.409,198.891
2018-06-29,198.944,200.825,198.809,200.385
2018-07-02,199.589,199.739,197.466,197.5
2018-07-03,198.538,199.173,196.652,197.48
2018-07-05,197.677,198.015,195.93,196.206
2018-07-06,195.366,198.117,194.991,198.052
2018-07-09,198.165,198.46,197.239,198.234
2018-07-10,198.51,199.256,197.892,198.293
2018-07-11,196.479,196.716,192.525,192.833
2018-07-12,193.466,194.128,192.514,194.003
2018-07-13,193.123,194.23,192.94,193.728
2018-07-16,192.747,193.151,190.997,191.173
2018-07-17,191.553,191.553,190.523,191.094
2018-07-18,190.557,191.646,190.019,191.471
2018-07-19,190.142,192.093,189.968,191.415
2018-07-20,191.625,192.745,191.625,192.621
2018-07-23,193.408,193.482,192.153,192.486
2018-07-24,192.728,193.869,192.463,193.189
2018-07-25,193.561,194.874,193.511,194.655
2018-07-26,195.403,195.489,194.778,194.992
2018-07-27,194.754,195.212,193.754,194.157
2018-07-30,195.525,196.297,195.498,195.754
2018-07-31,195.542,195.681,194.462,194.53
2018-08-01,193.019,193.418,191.382,191.641
2018-08-02,191.044,193.213,190.877,192.651
2018-08-03,193.265,193.725,192.643,193.235
2018-08-06,193.682,194.702,193.335,193.93
2018-08-07,195.166,195.284,194.217,194.495
2018-08-08,194.127,194.194,192.111,193.039
2018-08-09,193.331,193.532,192.356,192.428
2018-08-10,192.315,193.024,191.524,191.695
2018-08-13,190.632,190.924,188.834,190.299
2018-08-14,191.179,191.903,190.28,190.436
2018-08-15,189.186,189.604,186.736,186.948
2018-08-16,187.848,188.779,187.743,188.378
2018-08-17,188.378,189.383,188.022,188.74
2018-08-20,189.032,189.456,188.566,189.114
2018-08-21,189.707,190.586,189.671,190.008
2018-08-22,190.915,191.565,189.936,191.12
2018-08-23,190.74,190.911,190.007,190.498
2018-08-24,191.803,192.936,191.68,192.08
2018-08-27,191.776,192.937,191.742,192.867
2018-08-28,192.954,193.066,191.621,191.712
2018-08-29,191.993,192.957,191.683,192.957
2018-08-30,193.449,193.592,192.358,192.805
2018-08-31,193.449,193.592,192.059,192.955
2018-09-04,193.229,193.377,191.969,192.124
2018-09-05,191.261,192.183,191.008,191.013
2018-09-06,191.339,191.457,189.04,189.783
2018-09-07,190.102,190.398,189.446,190.357
2018-09-10,191.034,191.842,190.569,191.019
2018-09-11,191.249,191.799,190.26,191.667
2018-09-12,192.184,193.983,192.026,193.359
2018-09-13,192.806,192.972,191.216,191.406
2018-09-14,191.26,191.605,190.068,190.484
2018-09-17,190.764,191.188,189.541,189.643
2018-09-18,190.584,191.237,190.053,190.562
2018-09-19,190.626,191.822,190.501,191.767
2018-09-20,192.025,192.984,191.681,192.707
2018-09-21,193.409,194.395,192.647,193.976
2018-09-24,194.78,195.523,194.631,194.783
2018-09-25,194.97,195.677,194.717,195.123
2018-09-26,194.863,194.902,193.91,193.974
2018-09-27,194.336,194.527,193.649,194.174
2018-09-28,194.278,195.883,193.817,195.159
2018-10-01,195.229,197.881,194.853,197.787
2018-10-02,198.233,200.038,197.997,199.969
2018-10-03,200.107,201.721,199.4,201.229
2018-10-04,200.959,201.324,198.49,198.787
2018-10-05,198.787,199.819,198.787,199.038
2018-10-08,198.823,199.853,198.777,199.76
2018-10-09,200.302,200.567,199.369,200.372
2018-10-10,200.664,200.706,198.056,198.116
2018-10-11,196.553,197.513,196.26,196.63
2018-10-12,197.802,198.268,197.138,197.941
2018-10-15,199.005,199.78,198.187,199.74
2018-10-16,199.156,200.158,199.13,199.721
2018-10-17,199.772,199.894,198.353,198.897
2018-10-18,197.701,197.923,196.552,196.635
2018-10-19,197.33,198.224,197.02,197.176
2018-10-22,197.086,197.389,196.511,197.25
2018-10-23,196.005,196.306,194.367,194.969
2018-10-24,194.859,196.367,194.418,194.467
2018-10-25,194.467,195.431,194.328,194.79
2018-10-26,193.939,195.798,193.754,195.506
2018-10-29,195.461,195.944,193.294,193.421
2018-10-30,192.947,193.048,191.28,191.758
2018-10-31,192.052,192.522,190.921,190.966
2018-11-01,190.814,192.942,190.701,191.641
2018-11-02,192.153,192.529,191.215,192.302
2018-11-05,192.279,193.66,192.191,192.578
2018-11-06,192.24,192.792,190.595,191.21
2018-11-07,192.194,192.379,190.604,191.34
2018-11-08,191.02,191.184,189.182,189.711
2018-11-09,188.521,189.332,187.611,188.451
2018-11-12,189.409,189.938,187.897,187.99
2018-11-13,187.893,188.062,184.372,184.537
2018-11-14,187.04,188.621,186.35,188.056
2018-11-15,187.426,187.999,185.47,185.539
2018-11-16,186.095,188.5,185.964,187.297
2018-11-19,187.544,188.977,186.065,188.759
2018-11-20,187.672,187.982,182.426,183.785
2018-11-21,185.301,187.076,184.623,185.001
2018-11-23,181.588,181.666,179.529,179.602
2018-11-26,179.527,180.666,179.312,180.298
2018-11-27,179.987,180.785,178.789,179.921
2018-11-28,180.671,182.14,180.207,181.221
2018-11-29,181.427,182.758,181.202,182.313
2018-11-30,181.202,182.172,180.023,181.738
2018-12-03,184.141,184.552,182.908,183.507
2018-12-04,184.671,185.148,183.675,184.138
2018-12-05,184.289,185.283,183.51,183.752
2018-12-06,181.577,181.758,179.778,181.303
2018-12-07,182.057,185.696,181.926,184.152
2018-12-10,183.085,183.371,181.604,181.647
2018-12-11,182.402,182.882,181.251,181.802
2018-12-12,183.13,183.275,181.082,181.2
2018-12-13,180.539,183.153,180.537,183.028
2018-12-14,181.645,182.339,179.98,180.312
2018-12-17,180.668,180.759,177.786,177.916
2018-12-18,176.451,177.671,174.403,174.42
2018-12-19,174.636,176.344,173.937,176.212
2018-12-20,174.71,175.281,172.607,172.667
2018-12-21,171.757,172.71,171.382,172.132
2018-12-24,171.256,171.282,168.209,168.356
2018-12-26,169.124,173.198,168.327,172.94
2018-12-27,171.67,172.402,170.23,170.486
2018-12-28,170.486,171.468,170.155,170.966
2018-12-31,171.878,172.066,169.199,169.802
2019-01-02,169.443,172.688,168.265,170.39
2019-01-03,170.829,171.773,169.428,171.552
2019-01-04,173.154,174.192,172.444,173.355
2019-01-07,175.059,176.067,174.36,174.635
2019-01-08,175.619,176.368,175.238,175.965
2019-01-09,177.451,179.351,177.051,179.044
2019-01-10,178.887,179.254,177.718,178.601
2019-01-11,179.304,179.38,177.488,178.08
2019-01-14,178.037,179.241,177.608,177.792
2019-01-15,178.513,179.299,178.095,178.978
2019-01-16,178.99,180.179,178.827,179.64
2019-01-17,178.968,179.971,178.28,179.757
2019-01-18,180.31,182.251,179.624,182.214
2019-01-22,180.047,180.302,178.183,178.99
2019-01-23,179.991,180.079,178.133,178.657
2019-01-24,178.322,179.915,178.252,179.236
2019-01-25,179.123,180.833,178.923,180.678
2019-01-28,178.86,178.95,177.022,177.473
2019-01-29,178.017,179.454,177.919,179.177
2019-01-30,179.849,180.894,179.37,180.112
2019-01-31,180.887,182.011,179.516,179.639
2019-02-01,179.652,181.109,179.523,180.549
2019-02-04,180.186,180.872,178.488,180.61
2019-02-05,180.423,180.982,179.63,179.952
2019-02-06,179.931,180.909,179.516,180.559
2019-02-07,179.733,179.816,177.211,178.102
2019-02-08,178.152,178.947,177.667,178.04
2019-02-11,177.79,178.056,176.31,177.115
2019-02-12,178.478,179.269,177.987,178.208
2019-02-13,178.483,179.372,178.01,178.716
2019-02-14,179.263,179.311,177.645,178.721
2019-02-15,178.721,181.341,178.721,181.329
2019-02-19,181.892,182.297,181.192,182.239
2019-02-20,182.043,183.639,181.39,183.269
2019-02-21,183.296,183.684,182.625,183.409
2019-02-22,184.233,184.657,183.588,184.06
2019-02-25,183.631,183.67,181.386,181.75
2019-02-26,181.996,182.115,181.162,181.402
2019-02-27,182.525,183.613,182.006,183.226
2019-02-28,183.112,183.27,182.411,182.746
2019-03-01,183.016,183.318,180.68,181.496
2019-03-04,181.947,182.577,180.468,181.095
2019-03-05,181.632,182.15,181.289,181.896
2019-03-06,181.386,181.531,180.477,181.23
2019-03-07,181.805,181.819,180.609,180.871
2019-03-08,179.785,180.731,178.701,180.672
2019-03-11,180.813,181.329,180.418,180.498
2019-03-12,181.092,181.61,180.638,181.307
2019-03-13,181.774,183.428,181.686,183.411
2019-03-14,182.677,184.099,182.655,183.387
2019-03-15,183.388,183.997,182.335,183.866
2019-03-18,183.981,185.062,183.843,184.857
2019-03-19,185.552,185.882,184.447,185.236
2019-03-20,184.569,185.69,184.04,185.602
2019-03-21,185.445,185.874,184.953,185.374
2019-03-22,185.114,185.187,183.199,184.155
2019-03-25,183.866,184.859,183.403,184.307
2019-03-26,184.917,185.783,184.702,185.229
2019-03-27,184.84,185.084,183.121,183.944
2019-03-28,182.968,183.494,182.507,183.327
2019-03-29,184.4,185.247,183.699,183.751
2019-04-01,184.631,185.637,184.401,185.459
2019-04-02,185.632,186.413,185.383,186.373
2019-04-03,186.853,186.954,186.13,186.851
2019-04-04,187.082,187.639,186.604,187.044
2019-04-05,186.606,187.759,186.378,187.685
2019-04-08,188.114,188.838,187.899,188.705
2019-04-09,188.841,189.053,188.062,188.564
2019-04-10,189.044,189.682,188.744,189.665
2019-04-11,188.866,188.92,187.105,187.325
2019-04-12,188.577,188.669,188.035,188.364
2019-04-15,187.535,187.784,187.085,187.415
2019-04-16,187.099,187.316,186.261,187.28
2019-04-17,187.861,187.914,186.553,186.601
2019-04-18,186.572,187.154,186.465,187.13
2019-04-22,188.294,188.875,187.822,187.924
2019-04-23,188.134,188.167,187.336,187.585
2019-04-24,187.192,187.568,186.444,186.495
2019-04-25,186.639,186.782,185.803,185.957
2019-04-26,184.722,185.347,183.908,184.657
2019-04-29,184.35,184.588,183.657,184.18
2019-04-30,185.611,186.075,184.005,184.25
2019-05-01,184.061,184.114,182.414,183.661
2019-05-02,182.861,182.871,181.111,181.902
2019-05-03,182.077,182.586,181.732,181.772
2019-05-06,180.291,181.043,180.206,180.681
2019-05-07,179.858,180.061,178.714,179.488
2019-05-08,179.376,180.504,179.263,179.746
2019-05-09,179.591,179.591,177.992,179.006
2019-05-10,179.289,179.566,178.766,178.954
2019-05-13,179.122,179.726,177.166,177.641
2019-05-14,178.976,180.233,178.717,179.991
2019-05-15,180.137,181.358,179.532,180.655
2019-05-16,181.742,182.648,181.672,182.325
2019-05-17,182.632,182.643,180.781,180.989
2019-05-20,181.702,182.397,181.325,181.704
2019-05-21,181.992,182.26,181.365,181.968
2019-05-22,181.237,181.423,179.22,179.544
2019-05-23,178.968,178.968,176.537,176.918
2019-05-24,178.051,178.66,177.277,178.629
2019-05-28,179.656,180.563,179.442,180.26
2019-05-29,180.019,180.796,179.011,180.339
2019-05-30,180.531,180.964,178.624,178.762
2019-05-31,177.314,177.615,175.321,175.363
2019-06-03,175.809,176.199,174.568,174.717
2019-06-04,174.381,175.739,174.238,175.49
2019-06-05,174.679,174.86,172.018,172.339
2019-06-06,172.65,173.91,172.146,173.868
2019-06-07,174.22,174.823,173.395,174.416
2019-06-10,174.068,174.982,173.809,174.071
2019-06-11,174.4,175.136,173.959,174.868
2019-06-12,173.613,174.455,173.196,173.243
2019-06-13,174.929,175.539,173.988,174.424
2019-06-14,174.557,175.627,174.495,174.809
2019-06-17,174.468,175.15,174.232,174.419
2019-06-18,173.813,176.816,173.781,176.098
2019-06-19,175.812,176.549,175.238,175.434
2019-06-20,177.887,179.112,177.495,178.628
2019-06-21,179.5,179.61,178.398,178.52
2019-06-24,178.52,180.026,178.52,179.993
2019-06-25,180.357,181.396,180.275,180.878
2019-06-26,181.873,183.179,181.672,182.365
2019-06-27,181.699,182.767,181.636,182.477
2019-06-28,182.9141,183.2618,180.8244,181.0378
2019-07-01,182.89,183.351,180.356,181.135
2019-07-02,181.013,181.303,177.729,177.843
2019-07-03,178.898,180.515,178.714,180.477
2019-07-05,180.031,180.922,179.402,180.779
2019-07-08,181.359,181.634,180.514,180.685
2019-07-09,180.429,180.837,179.285,180.708
2019-07-10,182.055,184.235,182.014,184.172
2019-07-11,184.63,184.775,183.466,183.683
2019-07-12,183.751,184.715,183.569,184.362
2019-07-15,184.173,184.179,182.649,183.082
2019-07-16,182.289,182.554,179.64,180.084
2019-07-17,180.557,181.29,179.339,179.421
2019-07-18,179.626,179.658,176.92,177.449
2019-07-19,178.785,179.169,178.011,178.585
2019-07-22,179.208,179.477,178.507,178.55
2019-07-23,178.282,179.232,177.527,179.036
2019-07-24,179.447,180.043,177.739,178.222
2019-07-25,178.941,179.388,177.777,177.884
2019-07-26,177.941,177.966,176.988,177.158
2019-07-29,177.167,177.89,176.694,177.799
2019-07-30,178.058,178.549,177.362,178.344
2019-07-31,178.69,179.279,178.159,178.526
2019-08-01,177.466,177.499,172.554,172.804
2019-08-02,173.998,174.239,173.008,173.355
2019-08-05,171.819,172.566,170.301,171.486
2019-08-06,171.859,172.343,170.405,170.54
2019-08-07,170.585,170.645,167.379,167.892
2019-08-08,169.053,170.536,168.988,170.322
2019-08-09,170.322,172.608,170.322,172.091
2019-08-12,171.508,172.027,170.295,170.623
2019-08-13,170.623,173.501,169.641,173.087
2019-08-14,172.217,172.281,169.585,170.645
2019-08-15,169.916,170.898,169.526,170.035
2019-08-16,170.258,170.553,169.697,170.405
2019-08-19,170.109,171.133,169.769,170.777
2019-08-20,170.555,171.244,169.849,170.895
2019-08-21,171.787,172.189,170.793,170.909
2019-08-22,171.213,171.674,170.031,170.322
2019-08-23,170.24,170.32,167.64,168.61
2019-08-26,169.516,170.448,168.852,168.911
2019-08-27,169.464,169.778,168.598,169.7
2019-08-28,170.592,171.601,170.401,171.202
2019-08-29,171.684,172.247,171.283,172.077
2019-08-30,171.375,172.034,169.861,170.356
2019-09-03,169.131,169.228,167.793,169.19
2019-09-04,170.254,172.934,170.254,172.695
2019-09-05,172.961,173.74,172.308,172.349
2019-09-06,172.349,173.055,170.891,172.625
2019-09-09,172.905,174.686,172.694,174.311
2019-09-10,175.124,175.78,174.704,174.94
2019-09-11,175.586,175.655,173.587,173.727
2019-09-12,173.3,174.492,172.196,174.457
2019-09-13,175.051,175.453,174.562,174.792
2019-09-16,180.349,183.328,180.22,183.165
2019-09-17,181.764,182.231,178.056,178.794
2019-09-18,178.378,178.443,177.051,177.633
2019-09-19,178.69,178.96,177.602,177.765
2019-09-20,178.514,178.794,177.227,177.337
2019-09-23,177.28,178.699,177.163,178.654
2019-09-24,178.067,178.231,176.812,177.188
2019-09-25,176.119,176.708,175.18,176.636
2019-09-26,176.977,176.99,175.05,176.228
2019-09-27,175.367,176.431,174.532,175.715
2019-09-30,175.0295,175.2703,173.889,173.9399
2019-10-01,174.459,174.549,173.453,174.088
2019-10-02,174.106,174.474,172.248,172.944
2019-10-03,172.944,173.66,171.391,173.405
2019-10-04,173.509,174.073,172.949,173.495
2019-10-07,173.641,173.936,172.998,173.1
2019-10-08,172.116,173.46,171.915,173.32
2019-10-09,174.065,174.571,172.922,173.068
2019-10-10,173.382,173.957,173.161,173.579
2019-10-11,174.851,176.127,174.227,176.036
2019-10-14,175.052,175.251,174.312,174.988
2019-10-15,174.422,175.505,174.37,174.749
2019-10-16,174.489,175.429,174.225,174.975
2019-10-17,174.99,175.578,174.309,175.532
2019-10-18,175.532,176.302,175.237,175.753
2019-10-21,175.528,175.699,174.215,174.736
2019-10-22,175.191,176.268,175.164,175.506
2019-10-23,174.793,177.379,174.346,177.296
2019-10-24,177.296,178.069,177.271,177.71
2019-10-25,177.7,178.562,177.076,178.369
2019-10-28,178.121,179.015,177.933,178.282
2019-10-29,177.829,179.041,177.474,178.375
2019-10-30,178.404,178.853,177.837,178.312
2019-10-31,177.8521,177.8841,176.1215,176.8933
2019-11-01,176.893,180.299,176.789,180.274
2019-11-04,181.432,181.905,181.055,181.088
2019-11-05,181.732,182.255,181.645,182.09
2019-11-06,181.988,182.438,180.332,180.513
2019-11-07,180.989,181.567,180.877,180.981
2019-11-08,179.971,181.559,179.208,181.275
2019-11-11,179.706,180.598,179.367,179.413
2019-11-12,179.775,180.459,179.35,179.804
2019-11-13,179.459,180.758,179.425,180.312
2019-11-14,181.243,181.347,179.935,180.088
2019-11-15,179.82,181.445,179.679,181.001
2019-11-18,180.301,180.318,178.762,179.178
2019-11-19,178.608,178.686,176.973,177.155
2019-11-20,177.623,179.633,177.509,178.964
2019-11-21,178.828,180.742,178.788,180.728
2019-11-22,180.731,181.154,179.919,180.371
2019-11-25,179.946,180.693,179.279,180.569
2019-11-26,180.311,181.1,180.206,181.1
2019-11-27,181.297,181.307,179.772,180.347
2019-11-29,179.7501,179.8512,176.5357,176.6551
2019-12-02,177.992,178.027,176.936,177.124
2019-12-03,177.359,178.199,176.86,177.589
2019-12-04,178.573,179.965,178.572,179.403
2019-12-05,179.403,180.833,179.403,180.068
2019-12-06,180.199,181.726,179.882,181.191
2019-12-09,180.249,181.548,180.021,181.175
2019-12-10,181.109,182.408,180.964,182.167
2019-12-11,181.828,182.151,180.781,181.494
2019-12-12,181.833,183.304,181.664,182.916
2019-12-13,183.984,185.298,183.343,183.809
2019-12-16,184.416,185.446,184.277,185.211
2019-12-17,185.157,185.523,184.925,185.281
2019-12-18,184.565,185.285,184.218,184.964
2019-12-19,184.643,185.289,184.215,185.125
2019-12-20,185.083,185.489,184.552,185.043
2019-12-23,184.515,184.793,183.966,184.469
2019-12-24,184.861,185.599,184.675,185.534
2019-12-26,186.148,186.823,185.92,186.684
2019-12-27,186.945,187.288,186.746,187.179
2019-12-30,187.545,187.79,186.195,186.846
2019-12-31,186.1362,186.6988,185.7495,185.787
2020-01-02,186.073,186.12,184.956,185.534
2020-01-03,187.542,187.867,186.38,186.897
2020-01-06,187.485,187.71,186.767,187.388
2020-01-07,186.7,187.025,186.212,186.925
2020-01-08,186.855,186.884,182.798,183.375
2020-01-09,183.557,183.803,182.594,183.561
2020-01-10,184.206,184.441,183.459,184.131
2020-01-13,183.938,184.051,182.756,183.009
2020-01-14,183.54,184.25,183.524,183.641
2020-01-15,183.479,183.479,182.451,182.694
2020-01-16,182.307,183.088,182.202,182.248
2020-01-17,182.55,182.935,182.211,182.887
2020-01-21,181.551,182.055,181.356,181.564
2020-01-22,181.541,181.626,179.781,180.0301
2020-01-23,179.4033,179.4033,177.8505,178.5272
2020-01-24,177.651,177.683,175.477,175.753
2020-01-27,173.65,173.957,172.569,173.176
2020-01-28,173.216,174.377,172.853,173.797
2020-01-29,174.2257,174.6156,172.6911,172.9541
2020-01-30,171.6499,172.0729,170.6074,171.1404
2020-01-31,171.6543,171.6633,169.884,170.3058
2020-02-03,170.158,170.161,167.619,168.052
2020-02-04,169.6872,170.1617,167.8612,167.9337
2020-02-05,169.6449,170.4772,169.3616,169.5431
2020-02-06,170.1496,170.5507,169.077,170.4761
2020-02-07,170.22,170.868,169.893,170.122
2020-02-10,169.866,169.895,168.684,168.875
2020-02-11,169.965,170.289,169.415,169.615
2020-02-12,170.9486,171.9723,170.9158,171.7626
2020-02-13,171.3165,173.0436,171.0932,172.2763
2020-02-14,172.8258,173.6808,172.5326,172.9549
2020-02-18,172.847,173.863,172.614,173.813
2020-02-19,174.6736,175.6234,174.0522,175.4986
2020-02-20,175.5,176.064,174.619,174.727
2020-02-21,173.6015,174.6853,173.5417,174.6458
2020-02-24,170.969,171.034,169.446,170.566
2020-02-25,170.1479,170.7689,168.391,168.4884
2020-02-26,166.9046,168.4853,165.8208,166.2814
2020-02-27,163.8595,163.936,161.5572,163.1181
2020-02-28,161.0062,161.0646,157.8946,159.4459
2020-03-02,160.7662,163.9252,160.4713,163.4973
2020-03-03,165.6231,166.793,164.0936,164.931
2020-03-04,166.1209,166.3855,164.3219,164.6699
2020-03-05,164.5516,164.6908,162.2584,162.3655
2020-03-06,159.9886,160.3314,155.6921,155.8452
2020-03-09,144.7169,148.2402,143.7638,144.8105
2020-03-10,149.6211,150.8456,148.21,150.6593
2020-03-11,149.0729,150.0947,147.4041,147.7997
2020-03-12,142.9013,143.5034,140.2813,141.9421
2020-03-13,145.3401,146.0786,139.9795,140.8376
2020-03-16,140.8376,140.8376,132.3339,132.7148
2020-03-17,133.2005,134.1794,130.2454,130.2894
2020-03-18,127.8099,127.8999,119.789,120.3426
2020-03-19,123.3063,127.8037,122.0627,127.6348
2020-03-20,130.0895,130.5683,123.6917,123.8847
2020-03-23,123.8847,125.155,122.001,124.7133
2020-03-24,127.9381,128.8273,126.7437,128.1549
2020-03-25,127.6267,130.2258,126.5989,129.5971
2020-03-26,129.5971,129.5971,125.9351,126.3466
2020-03-27,126.0998,126.2249,123.2133,123.8843
2020-03-30,122.0807,122.3178,120.4633,121.6872
2020-03-31,123.4442,123.7562,121.2256,121.7868
2020-04-01,120.7812,121.0615,118.4065,118.4992
2020-04-02,121.8223,128.5834,120.1445,124.8388
2020-04-03,126.7652,129.2851,125.7537,127.959
2020-04-06,127.8991,128.8443,127.21,128.0636
2020-04-07,130.4481,130.7289,127.8619,127.9545
2020-04-08,128.7524,129.8808,128.0609,129.1945
2020-04-09,128.9959,133.4509,127.7289,127.8157
2020-04-13,128.5385,128.8228,127.4607,127.9353
2020-04-14,127.9425,128.183,125.8348,126.0124
2020-04-15,124.5212,124.8467,123.0199,123.6277
2020-04-16,125.0732,125.0838,122.711,123.6288
2020-04-17,124.2846,124.994,123.3944,123.7962
2020-04-20,120.7152,121.8047,118.6907,118.7621
2020-04-21,112.0796,112.2836,101.4824,106.2929
2020-04-22,106.9483,113.413,106.4197,111.1093
2020-04-23,113.8874,117.1692,112.7301,113.4902
2020-04-24,114.0968,114.3538,111.6238,112.7549
2020-04-27,109.5578,109.6161,106.6927,107.9998
2020-04-28,106.7085,110.1145,106.2198,108.206
2020-04-29,111.0371,114.0133,110.7392,111.8666
2020-04-30,115.5055,117.5221,113.8646,117.1958
2020-05-01,116.2155,118.3329,116.2155,117.6273
2020-05-04,116.1559,118.7206,116.1546,118.5243
2020-05-05,121.281,123.7085,121.141,123.6425
2020-05-06,123.6582,123.7021,120.3766,121.5431
2020-05-07,123.9298,124.6722,122.492,122.5837
2020-05-08,123.0025,124.8182,122.9761,124.7397
2020-05-11,123.7551,125.2284,122.499,122.674
2020-05-12,123.3177,123.4669,121.9617,122.6289
2020-05-13,122.3276,122.7278,120.1439,120.629
2020-05-14,121.5635,123.4737,121.0572,123.1248
2020-05-15,124.0885,124.9707,123.5996,124.7466
2020-05-18,128.4695,130.3081,128.1675,129.0861
2020-05-19,129.7583,130.3305,128.8389,129.574
2020-05-20,130.5153,132.0113,130.1584,130.9107
2020-05-21,131.3289,131.9564,129.7232,130.5163
2020-05-22,127.8857,129.73,127.7956,129.5329
2020-05-26,131.2146,132.4754,130.2332,131.6208
2020-05-27,131.0007,131.0575,128.2655,129.1643
2020-05-28,128.6459,130.6176,128.3959,129.7593
2020-05-29,129.0714,132.4889,128.0649,132.2442
2020-06-01,131.8644,132.4262,130.2504,132.3468
2020-06-02,133.7692,134.2174,133.0965,134.1152
2020-06-03,133.2979,135.026,133.1307,135.0094
2020-06-04,134.4349,135.9075,134.1292,135.7464
2020-06-05,137.2693,139.0886,137.2646,138.9763
2020-06-08,138.7756,139.1366,137.1867,137.5026
2020-06-09,137.2327,138.5224,136.8343,138.4529
2020-06-10,137.2641,139.5424,137.2641,139.222
2020-06-11,137.1416,137.1416,133.7757,134.8994
2020-06-12,135.1505,136.1592,133.9386,134.3208
2020-06-15,132.7936,134.9127,131.5185,134.7793
2020-06-16,136.2987,137.2875,134.7297,136.2721
2020-06-17,135.2501,136.5737,135.067,136.3841
2020-06-18,136.6726,137.2206,135.6779,137.0559
2020-06-19,138.3969,139.1819,136.626,137.9738
2020-06-22,137.7313,139.0959,137.449,139.0501
2020-06-23,139.745,140.0481,138.2376,138.5909
2020-06-24,137.6487,138.4375,134.8763,135.2437
2020-06-25,134.4067,135.6975,133.7026,135.3685
2020-06-26,135.5322,135.5499,133.5315,134.4133
2020-06-29,134.9858,137.3071,134.8428,137.0377
2020-06-30,137.0377,138.7812,136.8063,137.9715
2020-07-01,138.9588,139.3267,137.5998,139.1401
2020-07-02,139.6444,140.6666,139.2386,140.5978
2020-07-06,141.1952,141.3148,140.3563,140.8977
2020-07-07,140.441,141.9988,140.4037,141.5618
2020-07-08,141.429,142.1157,141.1866,141.9592
2020-07-09,142.4758,142.6029,140.3871,140.4571
2020-07-10,139.8739,141.7101,139.545,141.5191
2020-07-13,140.4904,141.3822,140.4904,140.6755
2020-07-14,139.6289,140.6881,138.6438,139.9903
2020-07-15,140.8954,141.2621,139.643,141.2194
2020-07-16,140.9523,141.4754,140.5807,140.8156
2020-07-17,140.748,141.3557,140.1498,140.8271
2020-07-20,140.2836,140.8756,139.1493,140.6907
2020-07-21,142.3915,143.0874,142.1188,142.5041
2020-07-22,141.9102,143.4263,141.7416,143.3159
2020-07-23,143.0925,143.9583,142.7152,142.9395
2020-07-24,142.7997,143.0697,142.1459,143.0454
2020-07-27,143.6309,144.2195,142.5421,143.8235
2020-07-28,143.5317,143.6757,142.9413,143.4783
2020-07-29,144.0039,144.4363,143.7485,144.339
2020-07-30,143.106,143.8603,141.1595,142.7755
2020-07-31,143.5199,143.9719,142.9593,143.6936
2020-08-03,143.8691,147.0954,143.7568,146.7718
2020-08-04,145.958,148.3004,145.5923,147.9156
2020-08-05,150.3326,150.9577,148.3839,148.7075
2020-08-06,148.8894,150.0919,148.4878,148.6037
2020-08-07,147.9377,148.961,146.5676,146.8549
2020-08-10,147.5954,148.412,147.3236,147.5839
2020-08-11,148.1132,148.3563,146.7563,146.8604
2020-08-12,147.3429,148.5953,147.3429,148.3629
2020-08-13,148.5025,149.2464,148.3423,148.9382
2020-08-14,149.2587,149.8719,148.7878,149.2091
2020-08-17,149.2091,150.9089,149.2091,150.874
2020-08-18,150.874,151.7478,150.5138,151.6949
2020-08-19,151.6949,152.0816,150.9965,152.0002
2020-08-20,152.0002,152.0002,149.6228,150.8217
2020-08-21,150.8217,150.8217,148.6921,149.9568
2020-08-24,149.9568,151.7324,149.9568,151.2593
2020-08-25,151.2593,152.8825,151.2593,152.643
2020-08-26,152.643,153.1938,152.273,152.4566
2020-08-27,152.4566,153.1212,151.557,152.7025
2020-08-28,152.7025,153.723,152.6125,153.439
2020-08-31,153.439,154.6519,152.954,153.2139
2020-09-01,153.2139,154.4959,153.2139,153.3436
2020-09-02,153.3436,153.3436,151.1334,151.4379
2020-09-03,151.4379,151.4379,149.2328,150.4196
2020-09-04,150.4196,151.2902,148.6818,149.6932
2020-09-08,149.6932,149.6932,144.5932,145.9974
2020-09-09,145.9974,147.4228,145.6662,147.0768
2020-09-10,147.0768,147.5155,146.127,146.1739
2020-09-11,146.1739,147.006,145.3431,146.4127
2020-09-14,146.4127,146.8867,146.0137,146.5006
2020-09-15,146.5006,148.0068,146.363,147.7605
2020-09-16,147.7605,149.8362,147.7605,149.7358
2020-09-17,149.7358,151.0608,148.5922,150.7809
2020-09-18,150.7809,151.5751,150.1352,151.5413
2020-09-21,151.5413,151.5413,146.9965,147.8241
2020-09-22,147.8241,148.769,146.7892,147.5151
2020-09-23,147.5151,148.8481,147.2348,147.7356
2020-09-24,147.7356,148.4867,146.8121,148.3589
2020-09-25,148.3589,148.5467,147.4539,148.3621
2020-09-28,148.3621,149.1512,147.792,148.7283
2020-09-29,148.7283,148.7283,145.5328,146.7599
2020-09-30,146.7599,148.7029,145.8793,148.5066
2020-10-01,147.7729,148.1588,144.5642,146.0574
2020-10-02,143.5338,145.1349,142.5949,144.1224
2020-10-05,146.2377,148.1466,146.1658,147.3743
2020-10-06,148.556,150.1268,148.5547,149.5058
2020-10-07,148.1321,149.6338,148.0765,149.5615
2020-10-08,150.7706,151.3683,150.4711,151.2168
2020-10-09,151.3559,152.6048,151.2724,151.7392
2020-10-12,151.7335,151.852,149.6347,149.8048
2020-10-13,150.4921,150.8431,149.7291,150.3841
2020-10-14,149.9988,151.5606,149.7934,151.513
2020-10-15,150.1533,151.7783,148.9387,151.7424
2020-10-16,151.5999,151.7471,150.648,151.4796
2020-10-19,151.9274,152.3885,151.5161,151.6144
2020-10-20,151.8739,152.5847,150.9748,152.3265
2020-10-21,152.0588,152.7307,150.7588,151.0406
2020-10-22,151.5419,152.5762,150.9264,151.7671
2020-10-23,151.7515,152.1063,150.3315,150.6847
2020-10-26,149.8278,149.9236,148.7531,149.3874
2020-10-27,150.1457,151.0899,149.4212,150.7068
2020-10-28,147.7143,147.7995,146.411,146.6627
2020-10-29,144.6615,145.2453,142.7,144.8095
2020-10-30,144.7901,144.8471,143.5212,144.7289
2020-11-02,143.1601,146.0066,143.1545,145.9063
2020-11-03,147.6599,147.768,146.6859,147.023
2020-11-04,148.0852,149.0144,146.7705,148.9042
2020-11-05,149.1854,150.3616,148.8854,149.1553
2020-11-06,148.1823,149.0763,147.6364,147.6994
2020-11-09,151.6947,152.8363,150.9881,151.2539
2020-11-10,151.7914,153.6019,151.4668,153.5529
2020-11-11,154.9539,155.2553,153.5145,153.6478
2020-11-12,153.4574,154.4753,152.9092,153.0137
2020-11-13,152.4326,153.1282,151.8232,151.8571
2020-11-16,154.1053,154.5553,153.3288,153.815
2020-11-17,154.0504,154.5812,153.1955,154.5224
2020-11-18,156.0478,156.466,155.4717,155.7223
2020-11-19,154.7197,155.1194,154.4401,155.0347
2020-11-20,156.1663,156.4448,155.071,156.1625
2020-11-23,157.387,157.6495,156.6826,157.3263
2020-11-24,157.513,159.9801,157.4683,159.7913
2020-11-25,159.9698,161.0069,159.4982,160.3857
2020-11-27,160.5463,161.0961,160.1142,160.9708
2020-11-30,160.6935,161.2818,159.3423,160.0558
2020-12-01,160.3229,160.5594,158.685,158.9394
2020-12-02,158.2703,160.4278,158.0474,159.4206
2020-12-03,159.0527,159.8179,158.6254,159.3106
2020-12-04,159.7828,160.3062,159.1074,159.8943
2020-12-07,158.3066,160.0122,158.159,158.9506
2020-12-08,158.4529,158.8886,157.8913,158.2821
2020-12-09,158.8039,159.3949,157.944,158.9208
2020-12-10,159.8391,162.7184,159.6859,161.3917
2020-12-11,161.2741,161.7769,160.7602,161.2492
2020-12-14,162.3083,162.6793,160.6699,162.2353
2020-12-15,162.4531,163.2131,162.228,163.0198
2020-12-16,163.0873,163.9792,162.7982,163.8578
2020-12-17,164.3793,165.5654,164.3001,165.4892
2020-12-18,165.6933,166.6403,165.5288,166.4534
2020-12-21,163.5804,164.9477,162.7884,164.8259
2020-12-22,164.1589,164.555,163.5016,163.6122
2020-12-23,164.1368,165.8322,163.9154,165.2841
2020-12-24,164.9248,165.7499,164.7225,165.5497
2020-12-28,165.4959,165.668,164.0232,164.1339
2020-12-29,164.8857,165.6291,164.6427,165.3742
2020-12-30,165.7854,166.7655,165.2057,166.6791
2020-12-31,166.6567,167.827,166.3362,167.7969
2021-01-04,169.2097,170.453,166.6879,167.3462
2021-01-05,168.7306,172.0533,168.4219,171.7048
2021-01-06,172.0469,172.6702,171.2073,172.1066
2021-01-07,172.2237,172.6991,171.5873,172.312
2021-01-08,172.807,173.3882,172.0646,173.3468
2021-01-11,172.4549,172.7675,171.2178,172.7273
2021-01-12,174.3943,175.1873,173.4235,174.9485
2021-01-13,176.2644,176.5034,174.8163,175.1888
2021-01-14,175.2983,176.8383,174.3168,176.7677
2021-01-15,176.5088,176.5884,174.7877,175.2473
2021-01-19,175.3883,175.616,174.6681,174.8468
2021-01-20,174.7372,175.3534,174.3058,175.1443
2021-01-21,175.2461,175.3424,174.4558,175.1629
2021-01-22,172.2735,173.8154,171.9997,172.8483
2021-01-25,172.8483,174.4583,172.7501,174.4353
2021-01-26,174.4353,175.7049,174.4353,175.4223
2021-01-27,175.4223,176.2259,174.0181,175.332
2021-01-28,175.332,176.8468,174.1967,174.2937
2021-01-29,174.2937,176.1454,174.1539,174.2021
2021-02-01,174.2021,177.248,174.2021,177.2309
2021-02-02,177.2309,179.0209,177.2309,178.0224
2021-02-03,178.0224,179.6395,178.0224,179.0481
2021-02-04,179.0481,180.3795,178.158,180.2439
2021-02-05,180.2439,182.0897,180.2439,181.3905
2021-02-08,181.3905,183.6664,181.3905,183.5526
2021-02-09,183.5526,184.3562,182.8502,184.2234
2021-02-10,184.2234,184.4401,183.3789,184.0678
2021-02-11,184.0678,184.7757,183.3584,183.6459
2021-02-12,183.6459,185.6652,183.1532,185.2884
2021-02-16,185.2884,187.7399,185.2884,187.6669
2021-02-17,187.6669,188.9343,186.8171,188.6789
2021-02-18,188.6789,189.8387,187.8184,188.6701
2021-02-19,188.6701,190.0056,188.1023,188.6249
2021-02-22,188.6249,192.7503,188.6249,192.6227
2021-02-23,192.6227,193.0925,190.8598,192.4987
2021-02-24,192.4987,195.3138,192.4987,195.1273
2021-02-25,195.1273,196.154,193.6474,194.5878
2021-02-26,194.5878,194.5878,190.3027,190.4336
2021-03-01,190.4336,192.3094,188.6207,189.3713
2021-03-02,189.3713,191.1766,188.6123,189.9809
2021-03-03,189.9809,190.7676,189.3541,189.9634
2021-03-04,189.9634,192.9847,189.2996,190.7463
2021-03-05,190.7463,193.6422,190.7463,193.4473
2021-03-08,193.4473,193.7885,191.7214,192.2821
2021-03-09,192.2821,192.6076,190.6887,191.3392
2021-03-10,191.3392,192.1193,190.5097,191.7562
2021-03-11,191.7562,194.5865,191.7562,194.5448
2021-03-12,194.5448,194.5448,193.2074,193.7909
2021-03-15,193.7909,193.7909,191.8531,193.4174
2021-03-16,193.4174,193.5873,192.3776,193.4298
2021-03-17,193.4298,193.4298,191.7183,192.6756
2021-03-18,192.6756,192.8177,186.8778,187.1393
2021-03-19,187.1393,189.1325,185.4346,188.788
2021-03-22,188.788,189.2708,187.8227,189.0646
2021-03-23,189.0646,189.0646,184.0883,184.5022
2021-03-24,184.5022,188.0203,184.5022,187.9113
2021-03-25,187.9113,187.9113,183.2797,184.3474
2021-03-26,184.3474,188.1468,184.3474,187.7312
2021-03-29,187.7312,188.0339,185.9513,187.5315
2021-03-30,187.5315,187.5315,184.4818,184.8741
2021-03-31,184.8741,186.7478,184.0437,184.9619
2021-04-01,184.9619,187.3656,184.6724,186.7019
2021-04-05,186.7019,186.7019,183.1749,184.0767
2021-04-06,184.0767,187.4089,184.0767,185.8393
2021-04-07,185.8393,186.4625,184.8186,186.3077
2021-04-08,186.3077,187.5977,186.0282,187.3687
2021-04-09,187.3687,187.5697,186.4972,186.7427
2021-04-12,186.7427,188.0644,186.1443,186.4106
2021-04-13,186.4106,188.5306,186.4106,188.1368
2021-04-14,188.1368,192.6591,188.1368,192.4493
2021-04-15,192.4493,193.9372,192.2311,193.8606
2021-04-16,193.8606,194.572,193.1048,193.2101
2021-04-19,193.2101,194.5443,193.2101,193.9773
2021-04-20,193.9773,195.1927,192.5979,193.7791
2021-04-21,193.7791,194.3334,191.9537,193.6606
2021-04-22,193.6606,195.1915,193.3485,194.6802
2021-04-23,194.6802,196.1544,194.6802,196.0583
2021-04-26,196.0583,198.3513,195.225,198.1118
2021-04-27,198.1118,200.1712,198.1118,200.093
2021-04-28,200.093,201.666,199.399,200.3594
2021-04-29,200.3594,202.4094,199.5303,200.6702
2021-04-30,200.6702,200.6702,198.5967,199.7578
2021-05-03,199.7578,201.8235,199.7578,200.849
2021-05-04,200.849,203.1045,200.849,202.4488
2021-05-05,202.4488,204.4022,202.4488,204.1384
2021-05-06,204.1384,205.6054,204.059,205.2537
2021-05-07,205.2537,207.185,204.6928,206.9628
2021-05-10,206.9628,208.0911,205.2566,206.1565
2021-05-11,206.1565,207.7947,204.8907,207.5525
2021-05-12,207.5525,209.5177,207.5525,207.9603
2021-05-13,207.9603,207.9603,202.3272,202.9479
2021-05-14,202.9479,204.6893,202.8873,203.2924
2021-05-17,203.2924,206.2166,203.2924,205.9422
2021-05-18,205.9422,207.5897,204.3026,205.7771
2021-05-19,205.7771,205.7771,200.3188,201.8589
2021-05-20,201.8589,201.8589,199.9603,199.9995
2021-05-21,199.9995,201.5948,199.9995,200.8728
2021-05-24,200.8728,203.0563,200.8012,202.9639
2021-05-25,202.9639,203.9498,202.1829,202.4403
2021-05-26,202.4403,203.5658,201.4808,203.44
2021-05-27,203.44,205.8384,202.5514,205.7768
2021-05-28,205.7768,206.9927,205.5991,205.6988
2021-06-01,205.6988,210.6168,205.6988,208.4422
2021-06-02,208.4422,209.4922,208.3156,209.2774
2021-06-03,209.2774,209.2774,206.9362,207.4666
2021-06-04,207.4666,210.502,207.4666,210.294
2021-06-07,210.294,210.6613,209.4153,209.5325
2021-06-08,209.5325,211.2989,209.4267,211.2059
2021-06-09,211.2059,211.5722,210.264,211.1655
2021-06-10,211.1655,212.4542,210.0285,212.1859
2021-06-11,212.1859,212.5104,211.3325,212.2459
2021-06-14,212.2459,212.2459,210.0501,211.0323
2021-06-15,211.0323,211.04,209.4517,210.1792
2021-06-16,210.1792,211.5578,209.8433,210.1691
2021-06-17,210.1691,210.1691,203.5503,204.2381
2021-06-18,204.2381,206.466,204.0328,205.8601
2021-06-21,205.8601,207.9036,204.2573,207.8656
2021-06-22,207.8656,208.6693,207.2845,207.8803
2021-06-23,207.8803,210.6194,207.8803,209.2446
2021-06-24,209.2446,209.5829,207.3156,209.5123
2021-06-25,209.5123,210.5926,208.3392,210.417
2021-06-28,210.417,211.464,210.2559,210.9386
2021-06-29,210.9386,212.4916,210.1881,211.3204
2021-06-30,211.3204,214.0796,210.557,213.3853
2021-07-01,213.3853,217.7247,213.3853,214.5701
2021-07-02,214.5701,215.5074,213.5942,214.9547
2021-07-06,214.9547,216.7165,209.6486,210.2404
2021-07-07,210.2404,212.565,207.3982,209.2049
2021-07-08,209.2049,210.0434,207.5728,209.552
2021-07-09,209.552,212.0304,209.552,211.7968
2021-07-12,211.7968,212.7944,210.4263,212.707
2021-07-13,212.707,214.4812,211.7442,214.1184
2021-07-14,214.1184,215.412,212.4209,213.3793
2021-07-15,213.3793,213.5055,211.8545,212.2451
2021-07-16,212.2451,213.5183,211.6538,212.5816
2021-07-19,212.5816,212.5816,204.9356,205.5876
2021-07-20,205.5876,209.1724,205.5876,208.989
2021-07-21,208.989,213.0941,208.989,212.9847
2021-07-22,212.9847,216.374,212.9847,216.3355
2021-07-23,216.3355,217.1519,215.8259,216.5967
2021-07-26,216.5967,219.7619,216.5967,219.5111
2021-07-27,219.5111,220.3122,217.6051,218.109
2021-07-28,218.109,219.3287,217.7301,219.0793
2021-07-29,219.0793,221.2489,219.0793,221.212
2021-07-30,221.212,221.212,217.7435,218.0778
2021-08-02,218.0778,218.0778,215.0396,215.7385
2021-08-03,215.7385,215.8084,213.6761,215.2873
2021-08-04,215.2873,215.4718,213.1891,213.516
2021-08-05,213.516,215.5895,213.2714,215.1492
2021-08-06,215.1492,216.2063,214.0132,214.4885
2021-08-09,214.4885,214.4885,210.7147,211.6837
2021-08-10,211.6837,215.7835,211.6837,215.2335
2021-08-11,215.2335,216.8092,213.685,216.6971
2021-08-12,216.6971,217.8871,215.2751,216.9605
2021-08-13,216.9605,218.0591,216.8195,216.9637
2021-08-16,216.9637,216.9637,214.3928,215.9536
2021-08-17,215.9536,216.0052,213.9313,214.1382
2021-08-18,214.1382,215.3334,212.7463,212.887
2021-08-19,212.887,212.887,207.9306,209.0603
2021-08-20,209.0603,209.0603,206.8846,206.9585
2021-08-23,206.9585,212.1249,206.9585,211.9149
2021-08-24,211.9149,215.2246,211.9149,215.089
2021-08-25,215.089,216.7518,215.089,216.709
2021-08-26,216.709,217.4148,215.4048,216.3705
2021-08-27,216.3705,219.2484,216.3705,219.1764
2021-08-30,219.1764,219.9847,218.2747,219.5206
2021-08-31,219.5206,219.5206,216.8476,218.1659
2021-09-01,218.1659,218.1659,217.9795,217.9795
2021-09-02,217.9795,220.0142,217.9795,220.0142
2021-09-03,220.0142,220.1137,220.0142,220.1137
2021-09-07,220.1137,220.1137,217.9138,217.9138
2021-09-08,217.9138,219.2976,217.9138,219.2976
2021-09-09,219.2976,219.2976,218.4741,218.4741
2021-09-10,218.4741,220.4277,218.4741,220.4277
2021-09-13,220.4277,221.1991,220.4277,221.1991
2021-09-14,221.1991,221.5239,221.1991,221.5239
2021-09-15,221.5239,225.4558,221.5239,225.4558
2021-09-16,225.4558,225.4558,223.9367,223.9367
2021-09-17,223.9367,223.9367,222.1117,222.1117
2021-09-20,222.1117,222.1117,218.0977,218.0977
2021-09-21,218.0977,218.3186,218.0977,218.3186
2021-09-22,218.3186,221.7923,218.3186,221.7923
2021-09-23,221.7923,223.9948,221.7923,223.9948
2021-09-24,223.9948,225.3112,223.9948,225.3112
2021-09-27,225.3112,228.2421,225.3112,228.2421
2021-09-28,228.2421,228.5918,228.2421,228.5918
2021-09-29,228.5918,228.5918,227.1528,227.1528
2021-09-30,227.1528,228.9221,227.1528,228.9221
2021-10-01,228.9221,230.3822,228.9221,230.3822
2021-10-04,230.3822,233.0842,230.3822,233.0842
2021-10-05,233.0842,235.7927,233.0842,235.7927
2021-10-06,235.7927,235.7927,232.2267,232.2267
2021-10-07,232.2267,234.3365,232.2267,234.3365
2021-10-08,234.3365,235.4177,234.3365,235.4177
2021-10-11,235.4177,236.3491,235.4177,236.3491
2021-10-12,236.3491,236.3491,235.866,235.866
2021-10-13,235.866,235.866,235.6993,235.6993
2021-10-14,235.6993,238.131,235.6993,238.131
2021-10-15,238.131,239.27,238.131,239.27
2021-10-18,239.27,239.27,237.8912,237.8912
2021-10-19,237.8912,238.2527,237.8912,238.2527
2021-10-20,238.2527,240.3511,238.2527,240.3511
2021-10-21,240.3511,240.3511,236.5972,236.5972
2021-10-22,236.5972,237.6778,236.5972,237.6778
2021-10-25,237.6778,240.5838,237.6778,240.5838
2021-10-26,240.5838,241.1844,240.5838,241.1844
2021-10-27,241.1844,241.1844,238.9493,238.9493
2021-10-28,238.9493,238.9493,238.4727,238.4727
2021-10-29,238.4727,238.4727,237.696,237.696
2021-11-01,237.696,239.2295,237.696,239.2295
2021-11-02,239.2295,239.2295,239.202,239.202
2021-11-03,239.202,239.202,235.7869,235.7869
2021-11-04,235.7869,235.7869,233.4513,233.4513
2021-11-05,233.4513,235.0043,233.4513,235.0043
2021-11-08,235.0043,235.552,235.0043,235.552
2021-11-09,235.552,236.5854,235.552,236.5854
2021-11-10,236.5854,236.5854,234.6602,234.6602
2021-11-11,234.6602,237.4579,234.6602,237.4579
2021-11-12,237.4579,237.4579,237.0863,237.0863
2021-11-15,237.0863,237.46,237.0863,237.46
2021-11-16,237.46,237.4921,237.46,237.4921
2021-11-17,237.4921,237.4921,236.1353,236.1353
2021-11-18,236.1353,236.3625,236.1353,236.3625
2021-11-19,236.3625,236.3625,235.0231,235.0231
2021-11-22,235.0231,235.2583,235.0231,235.2583
2021-11-23,235.2583,238.1367,235.2583,238.1367
2021-11-24,238.1367,238.3747,238.1367,238.3747
2021-11-26,238.3747,238.3747,226.7289,226.7289
2021-11-29,226.7289,226.7289,225.7178,225.7178
2021-11-30,225.7178,225.7178,219.1868,219.1868
2021-12-01,219.1868,219.1868,218.3927,218.3927
2021-12-02,218.3927,219.5454,218.3927,219.5454
2021-12-03,219.5454,220.642,219.5454,220.642
2021-12-06,220.642,223.2475,220.642,223.2475
2021-12-07,223.2475,225.7433,223.2475,225.7433
2021-12-08,225.7433,227.1253,225.7433,227.1253
2021-12-09,227.1253,227.1253,225.3596,225.3596
2021-12-10,225.3596,225.9087,225.3596,225.9087
2021-12-13,225.9087,225.9087,225.3524,225.3524
2021-12-14,225.3524,225.3524,224.3261,224.3261
2021-12-15,224.3261,224.3261,223.8192,223.8192
2021-12-16,223.8192,227.2386,223.8192,227.2386
2021-12-17,227.2386,227.2386,225.1411,225.1411
2021-12-20,225.1411,225.1411,221.8364,221.8364
2021-12-21,221.8364,226.3544,221.8364,226.3544
2021-12-22,226.3544,230.1654,226.3544,230.1654
2021-12-23,230.1654,230.8983,230.1654,230.8983
2021-12-27,230.8983,234.353,230.8983,234.353
2021-12-28,234.353,234.353,233.8401,233.8401
2021-12-29,233.8401,234.8573,233.8401,234.8573
2021-12-30,234.8573,234.8573,233.9603,233.9603
2021-12-31,233.9603,233.9603,232.3727,232.3727
2022-01-03,232.3727,233.0039,232.3727,233.0039
2022-01-04,233.0039,235.505,233.0039,235.505
2022-01-05,235.505,236.7102,235.505,236.7102
2022-01-06,236.7102,236.7524,236.7102,236.7524
2022-01-07,236.7524,237.898,236.7524,237.898
2022-01-10,237.898,237.898,236.6372,236.6372
2022-01-11,236.6372,241.5862,236.6372,241.5862
2022-01-12,241.5862,245.1941,241.5862,245.1941
2022-01-13,245.1941,245.1941,242.8988,242.8988
2022-01-14,242.8988,245.4324,242.8988,245.4324
2022-01-18,245.4324,247.0668,245.4324,247.0668
2022-01-19,247.0668,249.9318,247.0668,249.9318
2022-01-20,249.9318,250.0056,249.9318,250.0056
2022-01-21,250.0056,250.0056,248.4785,248.4785
2022-01-24,248.4785,248.4785,245.5931,245.5931
2022-01-25,245.5931,248.7821,245.5931,248.7821
2022-01-26,248.7821,251.9274,248.7821,251.9274
2022-01-27,251.9274,251.9274,250.9069,250.9069
2022-01-28,250.9069,252.8466,250.9069,252.8466
2022-01-31,252.8466,255.1152,252.8466,255.1152
2022-02-01,255.1152,256.7998,255.1152,256.7998
2022-02-02,256.7998,259.488,256.7998,259.488
2022-02-03,259.488,259.991,259.488,259.991
2022-02-04,259.991,261.2927,259.991,261.2927
2022-02-07,261.2927,261.2927,260.4782,260.4783
2022-02-08,260.4783,260.4783,259.4941,259.4941
2022-02-09,259.4941,262.1328,259.4941,262.1328
2022-02-10,262.1328,262.1328,261.5811,261.5811
2022-02-11,261.5811,263.0813,261.5811,263.0813
2022-02-14,263.0813,265.4253,263.0813,265.4253
2022-02-15,265.4253,265.4253,262.0696,262.0696
2022-02-16,262.0696,265.2612,262.0696,265.2612
2022-02-17,265.2612,265.2612,263.676,263.676
2022-02-18,263.676,263.676,263.6211,263.6211
2022-02-22,263.6211,267.1255,263.6211,267.1255
2022-02-23,267.1255,268.323,267.1255,268.323
2022-02-24,268.323,269.0164,268.323,269.0164
2022-02-25,269.0164,269.0164,264.4429,264.4429
2022-02-28,264.4429,269.0742,264.4429,269.0742
2022-03-01,269.0742,280.8552,269.0742,280.8552
2022-03-02,280.8552,289.0923,280.8552,289.0923
2022-03-03,289.0923,289.2026,289.0923,289.2026
2022-03-04,289.2026,299.9546,289.2026,299.9546
2022-03-07,299.9546,304.2324,299.9546,304.2324
2022-03-08,304.2324,309.1216,304.2324,309.1216
2022-03-09,309.1216,309.1216,292.0867,292.0867
2022-03-10,292.0867,292.0867,291.3206,291.3206
2022-03-11,291.3206,295.1062,291.3206,295.1062
2022-03-14,295.1062,295.1062,288.4534,288.4534
2022-03-15,288.4533,288.4533,281.3498,281.3499
2022-03-16,281.3499,281.3499,280.575,280.575
2022-03-17,280.575,290.7341,280.575,290.7341
2022-03-18,290.7341,292.2493,290.7341,292.2493
2022-03-21,292.2493,299.5615,292.2493,299.5615
2022-03-22,299.5615,300.104,299.0962,299.0962
2022-03-23,299.0962,306.3174,299.0962,306.3174
2022-03-24,306.3174,306.3174,304.8501,304.8501
2022-03-25,304.8501,307.3347,304.8501,307.3347
2022-03-28,307.3347,307.3347,299.2449,299.2449
2022-03-29,299.2449,299.2449,294.6934,294.6934
2022-03-30,294.6934,301.3154,294.6934,301.3154
2022-03-31,301.3154,301.3154,295.1831,295.1831
2022-04-01,295.1831,295.1831,293.1821,293.1821
2022-04-04,293.1821,297.6445,293.1821,297.6445
2022-04-05,297.6445,298.1531,297.6445,298.1531
2022-04-06,298.1531,298.1531,293.1411,293.1411
2022-04-07,293.1411,294.5791,293.1411,294.5791
2022-04-08,294.5791,298.207,294.5791,298.207
2022-04-11,298.207,298.207,295.1682,295.1682
2022-04-12,295.1682,302.8682,295.1682,302.8682
2022-04-13,302.8682,308.1968,302.8682,308.1968
2022-04-14,308.1967,311.9236,308.1967,311.9236
2022-04-18,311.9236,315.947,311.9236,315.947
2022-04-19,315.947,315.947,306.9004,306.9004
2022-04-20,306.9004,307.2432,306.9004,307.2432
2022-04-21,307.2432,309.2056,307.2432,309.2056
2022-04-22,309.2056,309.2056,304.2295,304.2295
2022-04-25,304.2295,304.2295,298.5361,298.5361
2022-04-26,298.5361,302.6677,298.5361,302.6677
2022-04-27,302.6677,305.7126,302.6677,305.7126
2022-04-28,305.7126,308.0222,305.7126,308.0222
2022-04-29,308.0222,308.2705,308.0222,308.2705
2022-05-02,308.2705,309.1606,308.2705,309.1606
2022-05-03,309.1606,309.1606,306.7832,306.7832
2022-05-04,306.7832,314.2668,306.7832,314.2668
2022-05-05,314.2668,314.2668,313.8652,313.8652
2022-05-06,313.8652,313.8652,311.3203,311.3203
2022-05-09,311.3203,311.3203,299.4534,299.4534
2022-05-10,299.4534,299.4534,297.092,297.092
2022-05-11,297.092,304.8936,297.092,304.8936
2022-05-12,304.8936,304.8936,304.0557,304.0557
2022-05-13,304.0557,308.5803,304.0557,308.5803
2022-05-16,308.5803,315.5857,308.5803,315.5857
2022-05-17,315.5857,315.5857,315.4016,315.4016
2022-05-18,315.4016,315.4016,309.3687,309.3687
2022-05-19,309.3687,313.7473,309.3687,313.7473
2022-05-20,313.7473,313.7473,312.729,312.729
2022-05-23,312.729,315.2,312.729,315.2
2022-05-24,315.2,315.2,313.7517,313.7517
2022-05-25,313.7517,314.574,313.7517,314.574
2022-05-26,314.574,318.6633,314.574,318.6633
2022-05-27,318.6633,320.5242,318.6633,320.5242
2022-05-31,320.5242,320.5242,316.5352,316.5352
2022-06-01,316.5352,320.0229,316.5352,320.0229
2022-06-02,320.0229,323.0986,320.0229,323.0986
2022-06-03,323.0986,323.2727,323.0986,323.2727
