,Day,crude oil: (Worldwide)
0,2014-04-28,18
1,2014-04-29,15
2,2014-04-30,15
3,2014-05-01,19
4,2014-05-02,14
5,2014-05-03,6
6,2014-05-04,7
7,2014-05-05,16
8,2014-05-06,19
9,2014-05-07,15
10,2014-05-08,14
11,2014-05-09,13
12,2014-05-10,10
13,2014-05-11,10
14,2014-05-12,16
15,2014-05-13,18
16,2014-05-14,14
17,2014-05-15,18
18,2014-05-16,12
19,2014-05-17,8
20,2014-05-18,9
21,2014-05-19,13
22,2014-05-20,15
23,2014-05-21,17
24,2014-05-22,15
25,2014-05-23,16
26,2014-05-24,7
27,2014-05-25,8
28,2014-05-26,12
29,2014-05-27,13
30,2014-05-28,13
31,2014-05-29,14
32,2014-05-30,12
33,2014-05-31,7
34,2014-06-01,7
35,2014-06-02,13
36,2014-06-03,14
37,2014-06-04,14
38,2014-06-05,16
39,2014-06-06,13
40,2014-06-07,7
41,2014-06-08,7
42,2014-06-09,16
43,2014-06-10,16
44,2014-06-11,15
45,2014-06-12,18
46,2014-06-13,20
47,2014-06-14,12
48,2014-06-15,12
49,2014-06-16,20
50,2014-06-17,17
51,2014-06-18,20
52,2014-06-19,20
53,2014-06-20,17
54,2014-06-21,10
55,2014-06-22,11
56,2014-06-23,16
57,2014-06-24,18
58,2014-06-25,17
59,2014-06-26,14
60,2014-06-27,13
61,2014-06-28,7
62,2014-06-29,6
63,2014-06-30,13
64,2014-07-01,11
65,2014-07-02,18
66,2014-07-03,15
67,2014-07-04,12
68,2014-07-05,7
69,2014-07-06,7
70,2014-07-07,15
71,2014-07-08,14
72,2014-07-09,15
73,2014-07-10,14
74,2014-07-11,12
75,2014-07-12,9
76,2014-07-13,8
77,2014-07-14,13
78,2014-07-15,16
79,2014-07-16,15
80,2014-07-17,15
81,2014-07-18,11
82,2014-07-19,7
83,2014-07-20,6
84,2014-07-21,13
85,2014-07-22,13
86,2014-07-23,13
87,2014-07-24,12
88,2014-07-25,12
89,2014-07-26,8
90,2014-07-27,4
91,2014-07-28,11
92,2014-07-29,12
93,2014-07-30,14
94,2014-07-31,14
95,2014-08-01,11
96,2014-08-02,8
97,2014-08-03,9
98,2014-08-04,14
99,2014-08-05,12
100,2014-08-06,17
101,2014-08-07,14
102,2014-08-08,13
103,2014-08-09,8
104,2014-08-10,6
105,2014-08-11,14
106,2014-08-12,16
107,2014-08-13,16
108,2014-08-14,16
109,2014-08-15,11
110,2014-08-16,9
111,2014-08-17,9
112,2014-08-18,16
113,2014-08-19,17
114,2014-08-20,19
115,2014-08-21,16
116,2014-08-22,14
117,2014-08-23,9
118,2014-08-24,9
119,2014-08-25,14
120,2014-08-26,14
121,2014-08-27,13
122,2014-08-28,14
123,2014-08-29,13
124,2014-08-30,7
125,2014-08-31,7
126,2014-09-01,11
127,2014-09-02,17
128,2014-09-03,17
129,2014-09-04,18
130,2014-09-05,15
131,2014-09-06,11
132,2014-09-07,9
133,2014-09-08,18
134,2014-09-09,21
135,2014-09-10,19
136,2014-09-11,20
137,2014-09-12,18
138,2014-09-13,13
139,2014-09-14,13
140,2014-09-15,21
141,2014-09-16,21
142,2014-09-17,18
143,2014-09-18,19
144,2014-09-19,15
145,2014-09-20,11
146,2014-09-21,11
147,2014-09-22,19
148,2014-09-23,18
149,2014-09-24,22
150,2014-09-25,19
151,2014-09-26,15
152,2014-09-27,8
153,2014-09-28,12
154,2014-09-29,18
155,2014-09-30,25
156,2014-10-01,22
157,2014-10-02,21
158,2014-10-03,20
159,2014-10-04,13
160,2014-10-05,10
161,2014-10-06,20
162,2014-10-07,22
163,2014-10-08,26
164,2014-10-09,27
165,2014-10-10,27
166,2014-10-11,17
167,2014-10-12,14
168,2014-10-13,33
169,2014-10-14,41
170,2014-10-15,47
171,2014-10-16,45
172,2014-10-17,35
173,2014-10-18,20
174,2014-10-19,20
175,2014-10-20,34
176,2014-10-21,30
177,2014-10-22,26
178,2014-10-23,30
179,2014-10-24,24
180,2014-10-25,15
181,2014-10-26,15
182,2014-10-27,31
183,2014-10-28,31
184,2014-10-29,32
185,2014-10-30,30
186,2014-10-31,27
187,2014-11-01,19
188,2014-11-02,14
189,2014-11-03,29
190,2014-11-04,42
191,2014-11-05,45
192,2014-11-06,39
193,2014-11-07,28
194,2014-11-08,19
195,2014-11-09,18
196,2014-11-10,30
197,2014-11-11,29
198,2014-11-12,36
199,2014-11-13,43
200,2014-11-14,38
201,2014-11-15,21
202,2014-11-16,16
203,2014-11-17,34
204,2014-11-18,37
205,2014-11-19,33
206,2014-11-20,31
207,2014-11-21,27
208,2014-11-22,16
209,2014-11-23,16
210,2014-11-24,29
211,2014-11-25,33
212,2014-11-26,33
213,2014-11-27,53
214,2014-11-28,70
215,2014-11-29,44
216,2014-11-30,31
217,2014-12-01,71
218,2014-12-02,63
219,2014-12-03,59
220,2014-12-04,50
221,2014-12-05,43
222,2014-12-06,26
223,2014-12-07,25
224,2014-12-08,61
225,2014-12-09,63
226,2014-12-10,71
227,2014-12-11,66
228,2014-12-12,83
229,2014-12-13,46
230,2014-12-14,39
231,2014-12-15,82
232,2014-12-16,100
233,2014-12-17,91
234,2014-12-18,78
235,2014-12-19,68
236,2014-12-20,36
237,2014-12-21,31
238,2014-12-22,63
239,2014-12-23,59
240,2014-12-24,48
241,2014-12-25,31
242,2014-12-26,42
243,2014-12-27,27
244,2014-12-28,24
245,2014-12-29,52
246,2014-12-30,58
247,2014-12-31,56
432,2015-01-01,25
433,2015-01-02,40
434,2015-01-03,27
435,2015-01-04,20
436,2015-01-05,60
437,2015-01-06,100
438,2015-01-07,82
439,2015-01-08,61
440,2015-01-09,53
441,2015-01-10,31
442,2015-01-11,30
443,2015-01-12,59
444,2015-01-13,75
445,2015-01-14,75
446,2015-01-15,69
447,2015-01-16,61
448,2015-01-17,37
449,2015-01-18,29
450,2015-01-19,50
451,2015-01-20,53
452,2015-01-21,57
453,2015-01-22,57
454,2015-01-23,52
455,2015-01-24,28
456,2015-01-25,24
457,2015-01-26,48
458,2015-01-27,46
459,2015-01-28,47
460,2015-01-29,50
461,2015-01-30,46
462,2015-01-31,31
463,2015-02-01,26
464,2015-02-02,55
465,2015-02-03,72
466,2015-02-04,77
467,2015-02-05,69
468,2015-02-06,58
469,2015-02-07,29
470,2015-02-08,28
471,2015-02-09,57
472,2015-02-10,56
473,2015-02-11,55
474,2015-02-12,52
475,2015-02-13,49
476,2015-02-14,24
477,2015-02-15,29
478,2015-02-16,49
479,2015-02-17,57
480,2015-02-18,48
481,2015-02-19,53
482,2015-02-20,44
483,2015-02-21,25
484,2015-02-22,22
485,2015-02-23,45
486,2015-02-24,44
487,2015-02-25,44
488,2015-02-26,42
489,2015-02-27,43
490,2015-02-28,39
491,2015-03-01,29
492,2015-03-02,44
493,2015-03-03,42
494,2015-03-04,46
495,2015-03-05,37
496,2015-03-06,33
497,2015-03-07,20
498,2015-03-08,20
499,2015-03-09,37
500,2015-03-10,38
501,2015-03-11,43
502,2015-03-12,40
503,2015-03-13,39
504,2015-03-14,25
505,2015-03-15,22
506,2015-03-16,55
507,2015-03-17,55
508,2015-03-18,57
509,2015-03-19,45
510,2015-03-20,40
511,2015-03-21,20
512,2015-03-22,18
513,2015-03-23,38
514,2015-03-24,39
515,2015-03-25,39
516,2015-03-26,44
517,2015-03-27,40
518,2015-03-28,20
519,2015-03-29,17
520,2015-03-30,41
521,2015-03-31,37
522,2015-04-01,38
523,2015-04-02,34
524,2015-04-03,26
525,2015-04-04,15
526,2015-04-05,11
527,2015-04-06,34
528,2015-04-07,39
529,2015-04-08,37
530,2015-04-09,36
531,2015-04-10,31
532,2015-04-11,14
533,2015-04-12,15
534,2015-04-13,31
535,2015-04-14,34
536,2015-04-15,37
537,2015-04-16,38
538,2015-04-17,37
539,2015-04-18,18
540,2015-04-19,16
541,2015-04-20,37
542,2015-04-21,34
543,2015-04-22,32
544,2015-04-23,34
545,2015-04-24,32
546,2015-04-25,16
547,2015-04-26,17
548,2015-04-27,35
549,2015-04-28,34
550,2015-04-29,33
551,2015-04-30,34
552,2015-05-01,32
553,2015-05-02,18
554,2015-05-03,16
555,2015-05-04,28
556,2015-05-05,34
557,2015-05-06,40
558,2015-05-07,36
559,2015-05-08,29
560,2015-05-09,14
561,2015-05-10,15
562,2015-05-11,28
563,2015-05-12,33
564,2015-05-13,33
565,2015-05-14,29
566,2015-05-15,35
567,2015-05-16,22
568,2015-05-17,17
569,2015-05-18,30
570,2015-05-19,32
571,2015-05-20,34
572,2015-05-21,31
573,2015-05-22,26
574,2015-05-23,12
575,2015-05-24,14
576,2015-05-25,22
577,2015-05-26,25
578,2015-05-27,30
579,2015-05-28,30
580,2015-05-29,28
581,2015-05-30,14
582,2015-05-31,16
583,2015-06-01,26
584,2015-06-02,25
585,2015-06-03,27
586,2015-06-04,26
587,2015-06-05,25
588,2015-06-06,12
589,2015-06-07,12
590,2015-06-08,27
591,2015-06-09,27
592,2015-06-10,28
593,2015-06-11,26
594,2015-06-12,21
595,2015-06-13,13
596,2015-06-14,13
597,2015-06-15,25
598,2015-06-16,26
599,2015-06-17,24
600,2015-06-18,23
601,2015-06-19,23
602,2015-06-20,8
603,2015-06-21,12
604,2015-06-22,22
605,2015-06-23,22
606,2015-06-24,21
607,2015-06-25,23
608,2015-06-26,23
609,2015-06-27,10
610,2015-06-28,13
611,2015-06-29,25
612,2015-06-30,26
248,2015-07-01,34
249,2015-07-02,31
250,2015-07-03,26
251,2015-07-04,16
252,2015-07-05,15
253,2015-07-06,43
254,2015-07-07,48
255,2015-07-08,49
256,2015-07-09,36
257,2015-07-10,34
258,2015-07-11,19
259,2015-07-12,14
260,2015-07-13,37
261,2015-07-14,46
262,2015-07-15,43
263,2015-07-16,39
264,2015-07-17,36
265,2015-07-18,17
266,2015-07-19,17
267,2015-07-20,40
268,2015-07-21,39
269,2015-07-22,41
270,2015-07-23,44
271,2015-07-24,42
272,2015-07-25,23
273,2015-07-26,19
274,2015-07-27,44
275,2015-07-28,43
276,2015-07-29,46
277,2015-07-30,35
278,2015-07-31,46
279,2015-08-01,24
280,2015-08-02,16
281,2015-08-03,47
282,2015-08-04,49
283,2015-08-05,49
284,2015-08-06,45
285,2015-08-07,42
286,2015-08-08,26
287,2015-08-09,21
288,2015-08-10,47
289,2015-08-11,57
290,2015-08-12,61
291,2015-08-13,53
292,2015-08-14,54
293,2015-08-15,26
294,2015-08-16,22
295,2015-08-17,53
296,2015-08-18,49
297,2015-08-19,55
298,2015-08-20,64
299,2015-08-21,63
300,2015-08-22,42
301,2015-08-23,30
302,2015-08-24,100
303,2015-08-25,78
304,2015-08-26,70
305,2015-08-27,63
306,2015-08-28,71
307,2015-08-29,33
308,2015-08-30,28
309,2015-08-31,68
310,2015-09-01,74
311,2015-09-02,68
312,2015-09-03,59
313,2015-09-04,48
314,2015-09-05,25
315,2015-09-06,23
316,2015-09-07,36
317,2015-09-08,51
318,2015-09-09,48
319,2015-09-10,47
320,2015-09-11,46
321,2015-09-12,23
322,2015-09-13,21
323,2015-09-14,46
324,2015-09-15,49
325,2015-09-16,46
326,2015-09-17,43
327,2015-09-18,42
328,2015-09-19,20
329,2015-09-20,21
330,2015-09-21,38
331,2015-09-22,37
332,2015-09-23,40
333,2015-09-24,37
334,2015-09-25,35
335,2015-09-26,19
336,2015-09-27,16
337,2015-09-28,40
338,2015-09-29,43
339,2015-09-30,41
340,2015-10-01,38
341,2015-10-02,32
342,2015-10-03,19
343,2015-10-04,21
344,2015-10-05,45
345,2015-10-06,44
346,2015-10-07,55
347,2015-10-08,46
348,2015-10-09,44
349,2015-10-10,25
350,2015-10-11,20
351,2015-10-12,43
352,2015-10-13,40
353,2015-10-14,40
354,2015-10-15,43
355,2015-10-16,38
356,2015-10-17,18
357,2015-10-18,19
358,2015-10-19,38
359,2015-10-20,36
360,2015-10-21,38
361,2015-10-22,33
362,2015-10-23,37
363,2015-10-24,18
364,2015-10-25,17
365,2015-10-26,34
366,2015-10-27,40
367,2015-10-28,47
368,2015-10-29,35
369,2015-10-30,32
370,2015-10-31,19
371,2015-11-01,17
372,2015-11-02,37
373,2015-11-03,39
374,2015-11-04,41
375,2015-11-05,37
376,2015-11-06,30
377,2015-11-07,16
378,2015-11-08,17
379,2015-11-09,32
380,2015-11-10,36
381,2015-11-11,34
382,2015-11-12,43
383,2015-11-13,42
384,2015-11-14,25
385,2015-11-15,23
386,2015-11-16,44
387,2015-11-17,42
388,2015-11-18,48
389,2015-11-19,41
390,2015-11-20,39
391,2015-11-21,22
392,2015-11-22,21
393,2015-11-23,46
394,2015-11-24,42
395,2015-11-25,38
396,2015-11-26,31
397,2015-11-27,27
398,2015-11-28,19
399,2015-11-29,18
400,2015-11-30,38
401,2015-12-01,37
402,2015-12-02,38
403,2015-12-03,39
404,2015-12-04,44
405,2015-12-05,20
406,2015-12-06,21
407,2015-12-07,58
408,2015-12-08,60
409,2015-12-09,60
410,2015-12-10,53
411,2015-12-11,63
412,2015-12-12,35
413,2015-12-13,28
414,2015-12-14,66
415,2015-12-15,63
416,2015-12-16,62
417,2015-12-17,65
418,2015-12-18,58
419,2015-12-19,33
420,2015-12-20,26
421,2015-12-21,56
422,2015-12-22,58
423,2015-12-23,53
424,2015-12-24,40
425,2015-12-25,26
426,2015-12-26,20
427,2015-12-27,23
428,2015-12-28,48
429,2015-12-29,53
430,2015-12-30,48
431,2015-12-31,44
613,2016-01-01,20
614,2016-01-02,16
615,2016-01-03,15
616,2016-01-04,42
617,2016-01-05,38
618,2016-01-06,45
619,2016-01-07,56
620,2016-01-08,48
621,2016-01-09,23
622,2016-01-10,20
623,2016-01-11,49
624,2016-01-12,76
625,2016-01-13,80
626,2016-01-14,65
627,2016-01-15,78
628,2016-01-16,37
629,2016-01-17,37
630,2016-01-18,78
631,2016-01-19,78
632,2016-01-20,100
633,2016-01-21,84
634,2016-01-22,81
635,2016-01-23,36
636,2016-01-24,33
637,2016-01-25,73
638,2016-01-26,71
639,2016-01-27,67
640,2016-01-28,71
641,2016-01-29,66
642,2016-01-30,33
643,2016-01-31,29
644,2016-02-01,56
645,2016-02-02,65
646,2016-02-03,66
647,2016-02-04,56
648,2016-02-05,51
649,2016-02-06,25
650,2016-02-07,24
651,2016-02-08,53
652,2016-02-09,54
653,2016-02-10,64
654,2016-02-11,70
655,2016-02-12,67
656,2016-02-13,31
657,2016-02-14,25
658,2016-02-15,51
659,2016-02-16,61
660,2016-02-17,62
661,2016-02-18,57
662,2016-02-19,54
663,2016-02-20,24
664,2016-02-21,20
665,2016-02-22,49
666,2016-02-23,52
667,2016-02-24,55
668,2016-02-25,49
669,2016-02-26,49
670,2016-02-27,22
671,2016-02-28,22
672,2016-02-29,47
673,2016-03-01,48
674,2016-03-02,47
675,2016-03-03,50
676,2016-03-04,43
677,2016-03-05,27
678,2016-03-06,24
679,2016-03-07,60
680,2016-03-08,62
681,2016-03-09,58
682,2016-03-10,52
683,2016-03-11,48
684,2016-03-12,25
685,2016-03-13,21
686,2016-03-14,51
687,2016-03-15,46
688,2016-03-16,50
689,2016-03-17,51
690,2016-03-18,51
691,2016-03-19,21
692,2016-03-20,23
693,2016-03-21,46
694,2016-03-22,45
695,2016-03-23,40
696,2016-03-24,40
697,2016-03-25,26
698,2016-03-26,18
699,2016-03-27,18
700,2016-03-28,37
701,2016-03-29,40
702,2016-03-30,40
703,2016-03-31,37
704,2016-04-01,33
705,2016-04-02,22
706,2016-04-03,20
707,2016-04-04,40
708,2016-04-05,45
709,2016-04-06,41
710,2016-04-07,38
711,2016-04-08,36
712,2016-04-09,17
713,2016-04-10,16
714,2016-04-11,37
715,2016-04-12,46
716,2016-04-13,47
717,2016-04-14,41
718,2016-04-15,34
719,2016-04-16,22
720,2016-04-17,28
721,2016-04-18,49
722,2016-04-19,43
723,2016-04-20,50
724,2016-04-21,46
725,2016-04-22,38
726,2016-04-23,17
727,2016-04-24,21
728,2016-04-25,39
729,2016-04-26,38
730,2016-04-27,46
731,2016-04-28,41
732,2016-04-29,42
733,2016-04-30,21
734,2016-05-01,20
735,2016-05-02,42
736,2016-05-03,40
737,2016-05-04,45
738,2016-05-05,41
739,2016-05-06,34
740,2016-05-07,16
741,2016-05-08,19
742,2016-05-09,39
743,2016-05-10,36
744,2016-05-11,41
745,2016-05-12,38
746,2016-05-13,35
747,2016-05-14,17
748,2016-05-15,17
749,2016-05-16,40
750,2016-05-17,44
751,2016-05-18,44
752,2016-05-19,38
753,2016-05-20,30
754,2016-05-21,17
755,2016-05-22,14
756,2016-05-23,30
757,2016-05-24,36
758,2016-05-25,39
759,2016-05-26,39
760,2016-05-27,34
761,2016-05-28,20
762,2016-05-29,15
763,2016-05-30,28
764,2016-05-31,40
765,2016-06-01,39
766,2016-06-02,34
767,2016-06-03,33
768,2016-06-04,17
769,2016-06-05,13
770,2016-06-06,33
771,2016-06-07,34
772,2016-06-08,39
773,2016-06-09,37
774,2016-06-10,34
775,2016-06-11,17
776,2016-06-12,15
777,2016-06-13,31
778,2016-06-14,32
779,2016-06-15,35
780,2016-06-16,32
781,2016-06-17,29
782,2016-06-18,14
783,2016-06-19,14
784,2016-06-20,32
785,2016-06-21,29
786,2016-06-22,32
787,2016-06-23,31
788,2016-06-24,41
789,2016-06-25,16
790,2016-06-26,18
791,2016-06-27,37
792,2016-06-28,33
793,2016-06-29,34
794,2016-06-30,32
795,2016-07-01,55
796,2016-07-02,29
797,2016-07-03,23
798,2016-07-04,41
799,2016-07-05,54
800,2016-07-06,59
801,2016-07-07,65
802,2016-07-08,65
803,2016-07-09,31
804,2016-07-10,25
805,2016-07-11,67
806,2016-07-12,59
807,2016-07-13,61
808,2016-07-14,56
809,2016-07-15,54
810,2016-07-16,25
811,2016-07-17,25
812,2016-07-18,59
813,2016-07-19,55
814,2016-07-20,60
815,2016-07-21,52
816,2016-07-22,51
817,2016-07-23,25
818,2016-07-24,25
819,2016-07-25,68
820,2016-07-26,62
821,2016-07-27,66
822,2016-07-28,67
823,2016-07-29,63
824,2016-07-30,31
825,2016-07-31,29
826,2016-08-01,76
827,2016-08-02,82
828,2016-08-03,80
829,2016-08-04,64
830,2016-08-05,59
831,2016-08-06,28
832,2016-08-07,23
833,2016-08-08,58
834,2016-08-09,58
835,2016-08-10,63
836,2016-08-11,63
837,2016-08-12,55
838,2016-08-13,26
839,2016-08-14,29
840,2016-08-15,54
841,2016-08-16,63
842,2016-08-17,63
843,2016-08-18,63
844,2016-08-19,59
845,2016-08-20,29
846,2016-08-21,24
847,2016-08-22,67
848,2016-08-23,65
849,2016-08-24,61
850,2016-08-25,57
851,2016-08-26,51
852,2016-08-27,30
853,2016-08-28,27
854,2016-08-29,56
855,2016-08-30,59
856,2016-08-31,68
857,2016-09-01,72
858,2016-09-02,55
859,2016-09-03,25
860,2016-09-04,23
861,2016-09-05,51
862,2016-09-06,61
863,2016-09-07,59
864,2016-09-08,62
865,2016-09-09,61
866,2016-09-10,28
867,2016-09-11,29
868,2016-09-12,54
869,2016-09-13,55
870,2016-09-14,63
871,2016-09-15,54
872,2016-09-16,50
873,2016-09-17,29
874,2016-09-18,30
875,2016-09-19,59
876,2016-09-20,58
877,2016-09-21,62
878,2016-09-22,53
879,2016-09-23,55
880,2016-09-24,30
881,2016-09-25,26
882,2016-09-26,54
883,2016-09-27,65
884,2016-09-28,71
885,2016-09-29,77
886,2016-09-30,67
887,2016-10-01,31
888,2016-10-02,26
889,2016-10-03,56
890,2016-10-04,66
891,2016-10-05,67
892,2016-10-06,69
893,2016-10-07,59
894,2016-10-08,27
895,2016-10-09,27
896,2016-10-10,66
897,2016-10-11,68
898,2016-10-12,66
899,2016-10-13,66
900,2016-10-14,59
901,2016-10-15,32
902,2016-10-16,31
903,2016-10-17,62
904,2016-10-18,67
905,2016-10-19,69
906,2016-10-20,59
907,2016-10-21,49
908,2016-10-22,27
909,2016-10-23,23
910,2016-10-24,55
911,2016-10-25,57
912,2016-10-26,64
913,2016-10-27,50
914,2016-10-28,47
915,2016-10-29,26
916,2016-10-30,30
917,2016-10-31,54
918,2016-11-01,66
919,2016-11-02,61
920,2016-11-03,58
921,2016-11-04,55
922,2016-11-05,26
923,2016-11-06,28
924,2016-11-07,53
925,2016-11-08,53
926,2016-11-09,66
927,2016-11-10,55
928,2016-11-11,53
929,2016-11-12,27
930,2016-11-13,27
931,2016-11-14,49
932,2016-11-15,66
933,2016-11-16,64
934,2016-11-17,55
935,2016-11-18,49
936,2016-11-19,25
937,2016-11-20,29
938,2016-11-21,56
939,2016-11-22,60
940,2016-11-23,54
941,2016-11-24,43
942,2016-11-25,47
943,2016-11-26,28
944,2016-11-27,31
945,2016-11-28,62
946,2016-11-29,63
947,2016-11-30,97
948,2016-12-01,100
949,2016-12-02,74
950,2016-12-03,36
951,2016-12-04,35
952,2016-12-05,72
953,2016-12-06,67
954,2016-12-07,64
955,2016-12-08,59
956,2016-12-09,53
957,2016-12-10,33
958,2016-12-11,32
959,2016-12-12,75
960,2016-12-13,74
961,2016-12-14,64
962,2016-12-15,66
963,2016-12-16,60
964,2016-12-17,35
965,2016-12-18,25
966,2016-12-19,52
967,2016-12-20,55
968,2016-12-21,58
969,2016-12-22,54
970,2016-12-23,40
971,2016-12-24,23
972,2016-12-25,19
973,2016-12-26,29
974,2016-12-27,44
975,2016-12-28,51
976,2016-12-29,47
977,2016-12-30,47
978,2016-12-31,29
979,2017-01-01,43
980,2017-01-02,66
981,2017-01-03,88
982,2017-01-04,78
983,2017-01-05,85
984,2017-01-06,69
985,2017-01-07,40
986,2017-01-08,36
987,2017-01-09,73
988,2017-01-10,73
989,2017-01-11,78
990,2017-01-12,75
991,2017-01-13,63
992,2017-01-14,33
993,2017-01-15,35
994,2017-01-16,70
995,2017-01-17,74
996,2017-01-18,77
997,2017-01-19,68
998,2017-01-20,63
999,2017-01-21,38
1000,2017-01-22,34
1001,2017-01-23,71
1002,2017-01-24,81
1003,2017-01-25,77
1004,2017-01-26,68
1005,2017-01-27,70
1006,2017-01-28,33
1007,2017-01-29,37
1008,2017-01-30,69
1009,2017-01-31,91
1010,2017-02-01,75
1011,2017-02-02,70
1012,2017-02-03,67
1013,2017-02-04,35
1014,2017-02-05,37
1015,2017-02-06,76
1016,2017-02-07,74
1017,2017-02-08,77
1018,2017-02-09,65
1019,2017-02-10,63
1020,2017-02-11,32
1021,2017-02-12,35
1022,2017-02-13,74
1023,2017-02-14,70
1024,2017-02-15,75
1025,2017-02-16,59
1026,2017-02-17,51
1027,2017-02-18,32
1028,2017-02-19,31
1029,2017-02-20,61
1030,2017-02-21,69
1031,2017-02-22,71
1032,2017-02-23,69
1033,2017-02-24,60
1034,2017-02-25,30
1035,2017-02-26,34
1036,2017-02-27,64
1037,2017-02-28,63
1038,2017-03-01,68
1039,2017-03-02,67
1040,2017-03-03,67
1041,2017-03-04,29
1042,2017-03-05,32
1043,2017-03-06,64
1044,2017-03-07,59
1045,2017-03-08,79
1046,2017-03-09,96
1047,2017-03-10,87
1048,2017-03-11,42
1049,2017-03-12,33
1050,2017-03-13,74
1051,2017-03-14,100
1052,2017-03-15,86
1053,2017-03-16,77
1054,2017-03-17,59
1055,2017-03-18,34
1056,2017-03-19,35
1057,2017-03-20,73
1058,2017-03-21,77
1059,2017-03-22,78
1060,2017-03-23,76
1061,2017-03-24,62
1062,2017-03-25,38
1063,2017-03-26,35
1064,2017-03-27,72
1065,2017-03-28,67
1066,2017-03-29,81
1067,2017-03-30,72
1068,2017-03-31,69
1069,2017-04-01,33
1070,2017-04-02,35
1071,2017-04-03,66
1072,2017-04-04,64
1073,2017-04-05,68
1074,2017-04-06,65
1075,2017-04-07,80
1076,2017-04-08,42
1077,2017-04-09,35
1078,2017-04-10,66
1079,2017-04-11,71
1080,2017-04-12,73
1081,2017-04-13,65
1082,2017-04-14,41
1083,2017-04-15,38
1084,2017-04-16,25
1085,2017-04-17,68
1086,2017-04-18,62
1087,2017-04-19,76
1088,2017-04-20,67
1089,2017-04-21,61
1090,2017-04-22,31
1091,2017-04-23,31
1092,2017-04-24,66
1093,2017-04-25,73
1094,2017-04-26,69
1095,2017-04-27,71
1096,2017-04-28,65
1097,2017-04-29,34
1098,2017-04-30,30
1099,2017-05-01,56
1100,2017-05-02,70
1101,2017-05-03,81
1102,2017-05-04,82
1103,2017-05-05,82
1104,2017-05-06,38
1105,2017-05-07,39
1106,2017-05-08,75
1107,2017-05-09,71
1108,2017-05-10,72
1109,2017-05-11,75
1110,2017-05-12,65
1111,2017-05-13,33
1112,2017-05-14,34
1113,2017-05-15,71
1114,2017-05-16,76
1115,2017-05-17,75
1116,2017-05-18,66
1117,2017-05-19,53
1118,2017-05-20,28
1119,2017-05-21,28
1120,2017-05-22,62
1121,2017-05-23,63
1122,2017-05-24,67
1123,2017-05-25,90
1124,2017-05-26,71
1125,2017-05-27,34
1126,2017-05-28,30
1127,2017-05-29,60
1128,2017-05-30,65
1129,2017-05-31,75
1130,2017-06-01,70
1131,2017-06-02,68
1132,2017-06-03,35
1133,2017-06-04,27
1134,2017-06-05,73
1135,2017-06-06,75
1136,2017-06-07,86
1137,2017-06-08,73
1138,2017-06-09,67
1139,2017-06-10,31
1140,2017-06-11,31
1141,2017-06-12,65
1142,2017-06-13,64
1143,2017-06-14,84
1144,2017-06-15,76
1145,2017-06-16,63
1146,2017-06-17,32
1147,2017-06-18,31
1148,2017-06-19,69
1149,2017-06-20,93
1150,2017-06-21,97
1151,2017-06-22,85
1152,2017-06-23,74
1153,2017-06-24,33
1154,2017-06-25,28
1155,2017-06-26,65
1156,2017-06-27,73
1157,2017-06-28,80
1158,2017-06-29,64
1159,2017-06-30,71
1160,2017-07-01,34
1161,2017-07-02,34
1162,2017-07-03,64
1163,2017-07-04,61
1164,2017-07-05,84
1165,2017-07-06,79
1166,2017-07-07,77
1167,2017-07-08,37
1168,2017-07-09,28
1169,2017-07-10,69
1170,2017-07-11,73
1171,2017-07-12,82
1172,2017-07-13,64
1173,2017-07-14,67
1174,2017-07-15,29
1175,2017-07-16,27
1176,2017-07-17,63
1177,2017-07-18,70
1178,2017-07-19,71
1179,2017-07-20,66
1180,2017-07-21,63
1181,2017-07-22,27
1182,2017-07-23,35
1183,2017-07-24,66
1184,2017-07-25,80
1185,2017-07-26,77
1186,2017-07-27,72
1187,2017-07-28,65
1188,2017-07-29,32
1189,2017-07-30,30
1190,2017-07-31,68
1191,2017-08-01,76
1192,2017-08-02,73
1193,2017-08-03,71
1194,2017-08-04,65
1195,2017-08-05,33
1196,2017-08-06,33
1197,2017-08-07,64
1198,2017-08-08,69
1199,2017-08-09,73
1200,2017-08-10,72
1201,2017-08-11,55
1202,2017-08-12,27
1203,2017-08-13,28
1204,2017-08-14,63
1205,2017-08-15,62
1206,2017-08-16,80
1207,2017-08-17,69
1208,2017-08-18,58
1209,2017-08-19,35
1210,2017-08-20,26
1211,2017-08-21,66
1212,2017-08-22,65
1213,2017-08-23,70
1214,2017-08-24,60
1215,2017-08-25,52
1216,2017-08-26,25
1217,2017-08-27,33
1218,2017-08-28,76
1219,2017-08-29,67
1220,2017-08-30,67
1221,2017-08-31,76
1222,2017-09-01,65
1223,2017-09-02,29
1224,2017-09-03,31
1225,2017-09-04,57
1226,2017-09-05,70
1227,2017-09-06,79
1228,2017-09-07,75
1229,2017-09-08,65
1230,2017-09-09,35
1231,2017-09-10,33
1232,2017-09-11,71
1233,2017-09-12,69
1234,2017-09-13,76
1235,2017-09-14,91
1236,2017-09-15,73
1237,2017-09-16,38
1238,2017-09-17,40
1239,2017-09-18,68
1240,2017-09-19,78
1241,2017-09-20,76
1242,2017-09-21,70
1243,2017-09-22,63
1244,2017-09-23,29
1245,2017-09-24,31
1246,2017-09-25,68
1247,2017-09-26,89
1248,2017-09-27,82
1249,2017-09-28,79
1250,2017-09-29,62
1251,2017-09-30,33
1252,2017-10-01,35
1253,2017-10-02,59
1254,2017-10-03,69
1255,2017-10-04,76
1256,2017-10-05,64
1257,2017-10-06,64
1258,2017-10-07,33
1259,2017-10-08,33
1260,2017-10-09,56
1261,2017-10-10,67
1262,2017-10-11,69
1263,2017-10-12,74
1264,2017-10-13,62
1265,2017-10-14,29
1266,2017-10-15,32
1267,2017-10-16,60
1268,2017-10-17,62
1269,2017-10-18,59
1270,2017-10-19,50
1271,2017-10-20,52
1272,2017-10-21,29
1273,2017-10-22,31
1274,2017-10-23,61
1275,2017-10-24,67
1276,2017-10-25,63
1277,2017-10-26,60
1278,2017-10-27,63
1279,2017-10-28,41
1280,2017-10-29,36
1281,2017-10-30,66
1282,2017-10-31,74
1283,2017-11-01,81
1284,2017-11-02,68
1285,2017-11-03,73
1286,2017-11-04,48
1287,2017-11-05,40
1288,2017-11-06,79
1289,2017-11-07,100
1290,2017-11-08,92
1291,2017-11-09,83
1292,2017-11-10,73
1293,2017-11-11,42
1294,2017-11-12,45
1295,2017-11-13,76
1296,2017-11-14,82
1297,2017-11-15,88
1298,2017-11-16,78
1299,2017-11-17,73
1300,2017-11-18,42
1301,2017-11-19,37
1302,2017-11-20,69
1303,2017-11-21,67
1304,2017-11-22,75
1305,2017-11-23,58
1306,2017-11-24,61
1307,2017-11-25,32
1308,2017-11-26,37
1309,2017-11-27,60
1310,2017-11-28,72
1311,2017-11-29,71
1312,2017-11-30,75
1313,2017-12-01,58
1314,2017-12-02,37
1315,2017-12-03,32
1316,2017-12-04,59
1317,2017-12-05,69
1318,2017-12-06,70
1319,2017-12-07,68
1320,2017-12-08,53
1321,2017-12-09,30
1322,2017-12-10,31
1323,2017-12-11,59
1324,2017-12-12,73
1325,2017-12-13,68
1326,2017-12-14,61
1327,2017-12-15,51
1328,2017-12-16,24
1329,2017-12-17,23
1330,2017-12-18,54
1331,2017-12-19,51
1332,2017-12-20,58
1333,2017-12-21,57
1334,2017-12-22,49
1335,2017-12-23,24
1336,2017-12-24,26
1337,2017-12-25,25
1338,2017-12-26,51
1339,2017-12-27,65
1340,2017-12-28,70
1341,2017-12-29,63
1342,2017-12-30,31
1343,2017-12-31,27
1344,2018-01-01,33
1345,2018-01-02,44
1346,2018-01-03,53
1347,2018-01-04,70
1348,2018-01-05,53
1349,2018-01-06,30
1350,2018-01-07,28
1351,2018-01-08,55
1352,2018-01-09,63
1353,2018-01-10,71
1354,2018-01-11,71
1355,2018-01-12,61
1356,2018-01-13,33
1357,2018-01-14,28
1358,2018-01-15,55
1359,2018-01-16,65
1360,2018-01-17,64
1361,2018-01-18,59
1362,2018-01-19,66
1363,2018-01-20,30
1364,2018-01-21,29
1365,2018-01-22,57
1366,2018-01-23,64
1367,2018-01-24,61
1368,2018-01-25,64
1369,2018-01-26,54
1370,2018-01-27,28
1371,2018-01-28,27
1372,2018-01-29,60
1373,2018-01-30,64
1374,2018-01-31,59
1375,2018-02-01,61
1376,2018-02-02,52
1377,2018-02-03,31
1378,2018-02-04,26
1379,2018-02-05,56
1380,2018-02-06,65
1381,2018-02-07,67
1382,2018-02-08,67
1383,2018-02-09,65
1384,2018-02-10,35
1385,2018-02-11,32
1386,2018-02-12,62
1387,2018-02-13,64
1388,2018-02-14,60
1389,2018-02-15,58
1390,2018-02-16,46
1391,2018-02-17,24
1392,2018-02-18,27
1393,2018-02-19,48
1394,2018-02-20,51
1395,2018-02-21,57
1396,2018-02-22,59
1397,2018-02-23,47
1398,2018-02-24,23
1399,2018-02-25,31
1400,2018-02-26,50
1401,2018-02-27,53
1402,2018-02-28,61
1403,2018-03-01,50
1404,2018-03-02,43
1405,2018-03-03,24
1406,2018-03-04,24
1407,2018-03-05,49
1408,2018-03-06,47
1409,2018-03-07,49
1410,2018-03-08,44
1411,2018-03-09,43
1412,2018-03-10,25
1413,2018-03-11,27
1414,2018-03-12,50
1415,2018-03-13,51
1416,2018-03-14,49
1417,2018-03-15,45
1418,2018-03-16,43
1419,2018-03-17,21
1420,2018-03-18,22
1421,2018-03-19,46
1422,2018-03-20,48
1423,2018-03-21,58
1424,2018-03-22,53
1425,2018-03-23,51
1426,2018-03-24,31
1427,2018-03-25,24
1428,2018-03-26,59
1429,2018-03-27,56
1430,2018-03-28,50
1431,2018-03-29,39
1432,2018-03-30,29
1433,2018-03-31,24
1434,2018-04-01,25
1435,2018-04-02,64
1436,2018-04-03,53
1437,2018-04-04,54
1438,2018-04-05,54
1439,2018-04-06,55
1440,2018-04-07,26
1441,2018-04-08,25
1442,2018-04-09,48
1443,2018-04-10,59
1444,2018-04-11,71
1445,2018-04-12,64
1446,2018-04-13,53
1447,2018-04-14,35
1448,2018-04-15,35
1449,2018-04-16,60
1450,2018-04-17,58
1451,2018-04-18,69
1452,2018-04-19,77
1453,2018-04-20,73
1454,2018-04-21,39
1455,2018-04-22,35
1456,2018-04-23,66
1457,2018-04-24,72
1458,2018-04-25,67
1459,2018-04-26,61
1460,2018-04-27,49
1461,2018-04-28,29
1462,2018-04-29,29
1463,2018-04-30,58
1464,2018-05-01,57
1465,2018-05-02,62
1466,2018-05-03,59
1467,2018-05-04,53
1468,2018-05-05,28
1469,2018-05-06,27
1470,2018-05-07,63
1471,2018-05-08,94
1472,2018-05-09,98
1473,2018-05-10,81
1474,2018-05-11,65
1475,2018-05-12,36
1476,2018-05-13,31
1477,2018-05-14,70
1478,2018-05-15,62
1479,2018-05-16,70
1480,2018-05-17,81
1481,2018-05-18,64
1482,2018-05-19,33
1483,2018-05-20,36
1484,2018-05-21,87
1485,2018-05-22,94
1486,2018-05-23,100
1487,2018-05-24,84
1488,2018-05-25,96
1489,2018-05-26,63
1490,2018-05-27,49
1491,2018-05-28,92
1492,2018-05-29,88
1493,2018-05-30,93
1494,2018-05-31,81
1495,2018-06-01,64
1496,2018-06-02,42
1497,2018-06-03,36
1498,2018-06-04,66
1499,2018-06-05,64
1500,2018-06-06,67
1501,2018-06-07,61
1502,2018-06-08,56
1503,2018-06-09,33
1504,2018-06-10,31
1505,2018-06-11,53
1506,2018-06-12,58
1507,2018-06-13,55
1508,2018-06-14,46
1509,2018-06-15,44
1510,2018-06-16,29
1511,2018-06-17,26
1512,2018-06-18,54
1513,2018-06-19,50
1514,2018-06-20,51
1515,2018-06-21,53
1516,2018-06-22,62
1517,2018-06-23,33
1518,2018-06-24,28
1519,2018-06-25,57
1520,2018-06-26,56
1521,2018-06-27,69
1522,2018-06-28,69
1523,2018-06-29,59
1524,2018-06-30,42
1525,2018-07-01,19
1526,2018-07-02,46
1527,2018-07-03,50
1528,2018-07-04,38
1529,2018-07-05,49
1530,2018-07-06,39
1531,2018-07-07,23
1532,2018-07-08,24
1533,2018-07-09,38
1534,2018-07-10,39
1535,2018-07-11,50
1536,2018-07-12,53
1537,2018-07-13,42
1538,2018-07-14,23
1539,2018-07-15,19
1540,2018-07-16,52
1541,2018-07-17,49
1542,2018-07-18,47
1543,2018-07-19,42
1544,2018-07-20,35
1545,2018-07-21,22
1546,2018-07-22,20
1547,2018-07-23,43
1548,2018-07-24,38
1549,2018-07-25,39
1550,2018-07-26,36
1551,2018-07-27,34
1552,2018-07-28,23
1553,2018-07-29,17
1554,2018-07-30,37
1555,2018-07-31,37
1556,2018-08-01,38
1557,2018-08-02,39
1558,2018-08-03,34
1559,2018-08-04,19
1560,2018-08-05,18
1561,2018-08-06,36
1562,2018-08-07,41
1563,2018-08-08,46
1564,2018-08-09,44
1565,2018-08-10,37
1566,2018-08-11,16
1567,2018-08-12,15
1568,2018-08-13,39
1569,2018-08-14,35
1570,2018-08-15,37
1571,2018-08-16,41
1572,2018-08-17,35
1573,2018-08-18,30
1574,2018-08-19,21
1575,2018-08-20,40
1576,2018-08-21,41
1577,2018-08-22,37
1578,2018-08-23,39
1579,2018-08-24,33
1580,2018-08-25,15
1581,2018-08-26,15
1582,2018-08-27,34
1583,2018-08-28,41
1584,2018-08-29,44
1585,2018-08-30,41
1586,2018-08-31,40
1587,2018-09-01,22
1588,2018-09-02,22
1589,2018-09-03,36
1590,2018-09-04,52
1591,2018-09-05,50
1592,2018-09-06,53
1593,2018-09-07,43
1594,2018-09-08,31
1595,2018-09-09,34
1596,2018-09-10,77
1597,2018-09-11,66
1598,2018-09-12,62
1599,2018-09-13,53
1600,2018-09-14,50
1601,2018-09-15,29
1602,2018-09-16,21
1603,2018-09-17,49
1604,2018-09-18,49
1605,2018-09-19,48
1606,2018-09-20,48
1607,2018-09-21,43
1608,2018-09-22,23
1609,2018-09-23,24
1610,2018-09-24,58
1611,2018-09-25,58
1612,2018-09-26,49
1613,2018-09-27,55
1614,2018-09-28,45
1615,2018-09-29,26
1616,2018-09-30,26
1617,2018-10-01,54
1618,2018-10-02,64
1619,2018-10-03,68
1620,2018-10-04,75
1621,2018-10-05,59
1622,2018-10-06,34
1623,2018-10-07,26
1624,2018-10-08,56
1625,2018-10-09,58
1626,2018-10-10,57
1627,2018-10-11,67
1628,2018-10-12,59
1629,2018-10-13,32
1630,2018-10-14,28
1631,2018-10-15,56
1632,2018-10-16,54
1633,2018-10-17,55
1634,2018-10-18,53
1635,2018-10-19,47
1636,2018-10-20,31
1637,2018-10-21,25
1638,2018-10-22,50
1639,2018-10-23,60
1640,2018-10-24,62
1641,2018-10-25,55
1642,2018-10-26,46
1643,2018-10-27,29
1644,2018-10-28,24
1645,2018-10-29,50
1646,2018-10-30,51
1647,2018-10-31,52
1648,2018-11-01,53
1649,2018-11-02,60
1650,2018-11-03,30
1651,2018-11-04,29
1652,2018-11-05,54
1653,2018-11-06,53
1654,2018-11-07,46
1655,2018-11-08,52
1656,2018-11-09,61
1657,2018-11-10,36
1658,2018-11-11,33
1659,2018-11-12,61
1660,2018-11-13,85
1661,2018-11-14,100
1662,2018-11-15,74
1663,2018-11-16,62
1664,2018-11-17,37
1665,2018-11-18,27
1666,2018-11-19,58
1667,2018-11-20,72
1668,2018-11-21,83
1669,2018-11-22,64
1670,2018-11-23,76
1671,2018-11-24,57
1672,2018-11-25,36
1673,2018-11-26,72
1674,2018-11-27,82
1675,2018-11-28,72
1676,2018-11-29,78
1677,2018-11-30,71
1678,2018-12-01,41
1679,2018-12-02,35
1680,2018-12-03,79
1681,2018-12-04,71
1682,2018-12-05,71
1683,2018-12-06,81
1684,2018-12-07,68
1685,2018-12-08,40
1686,2018-12-09,31
1687,2018-12-10,63
1688,2018-12-11,59
1689,2018-12-12,54
1690,2018-12-13,55
1691,2018-12-14,50
1692,2018-12-15,28
1693,2018-12-16,28
1694,2018-12-17,57
1695,2018-12-18,72
1696,2018-12-19,80
1697,2018-12-20,84
1698,2018-12-21,71
1699,2018-12-22,38
1700,2018-12-23,30
1701,2018-12-24,66
1702,2018-12-25,54
1703,2018-12-26,80
1704,2018-12-27,75
1705,2018-12-28,61
1706,2018-12-29,35
1707,2018-12-30,23
1708,2018-12-31,52
1709,2019-01-01,57
1710,2019-01-02,90
1711,2019-01-03,93
1712,2019-01-04,87
1713,2019-01-05,48
1714,2019-01-06,47
1715,2019-01-07,88
1716,2019-01-08,80
1717,2019-01-09,100
1718,2019-01-10,89
1719,2019-01-11,78
1720,2019-01-12,44
1721,2019-01-13,38
1722,2019-01-14,79
1723,2019-01-15,77
1724,2019-01-16,76
1725,2019-01-17,75
1726,2019-01-18,71
1727,2019-01-19,38
1728,2019-01-20,33
1729,2019-01-21,65
1730,2019-01-22,74
1731,2019-01-23,70
1732,2019-01-24,79
1733,2019-01-25,67
1734,2019-01-26,28
1735,2019-01-27,33
1736,2019-01-28,68
1737,2019-01-29,76
1738,2019-01-30,67
1739,2019-01-31,74
1740,2019-02-01,65
1741,2019-02-02,33
1742,2019-02-03,38
1743,2019-02-04,71
1744,2019-02-05,67
1745,2019-02-06,72
1746,2019-02-07,68
1747,2019-02-08,58
1748,2019-02-09,33
1749,2019-02-10,27
1750,2019-02-11,71
1751,2019-02-12,67
1752,2019-02-13,66
1753,2019-02-14,66
1754,2019-02-15,66
1755,2019-02-16,32
1756,2019-02-17,35
1757,2019-02-18,64
1758,2019-02-19,72
1759,2019-02-20,73
1760,2019-02-21,67
1761,2019-02-22,72
1762,2019-02-23,33
1763,2019-02-24,32
1764,2019-02-25,73
1765,2019-02-26,68
1766,2019-02-27,67
1767,2019-02-28,63
1768,2019-03-01,63
1769,2019-03-02,35
1770,2019-03-03,35
1771,2019-03-04,54
1772,2019-03-05,66
1773,2019-03-06,67
1774,2019-03-07,63
1775,2019-03-08,64
1776,2019-03-09,32
1777,2019-03-10,33
1778,2019-03-11,64
1779,2019-03-12,65
1780,2019-03-13,60
1781,2019-03-14,64
1782,2019-03-15,55
1783,2019-03-16,36
1784,2019-03-17,26
1785,2019-03-18,60
1786,2019-03-19,62
1787,2019-03-20,74
1788,2019-03-21,61
1789,2019-03-22,60
1790,2019-03-23,25
1791,2019-03-24,25
1792,2019-03-25,64
1793,2019-03-26,64
1794,2019-03-27,67
1795,2019-03-28,57
1796,2019-03-29,57
1797,2019-03-30,27
1798,2019-03-31,31
1799,2019-04-01,63
1800,2019-04-02,63
1801,2019-04-03,73
1802,2019-04-04,65
1803,2019-04-05,65
1804,2019-04-06,32
1805,2019-04-07,34
1806,2019-04-08,72
1807,2019-04-09,72
1808,2019-04-10,66
1809,2019-04-11,57
1810,2019-04-12,65
1811,2019-04-13,28
1812,2019-04-14,26
1813,2019-04-15,49
1814,2019-04-16,54
1815,2019-04-17,54
1816,2019-04-18,53
1817,2019-04-19,39
1818,2019-04-20,28
1819,2019-04-21,29
1820,2019-04-22,86
1821,2019-04-23,86
1822,2019-04-24,79
1823,2019-04-25,80
1824,2019-04-26,76
1825,2019-04-27,38
1826,2019-04-28,34
1827,2019-04-29,68
1828,2019-04-30,71
1829,2019-05-01,69
1830,2019-05-02,71
1831,2019-05-03,62
1832,2019-05-04,32
1833,2019-05-05,33
1834,2019-05-06,72
1835,2019-05-07,68
1836,2019-05-08,69
1837,2019-05-09,63
1838,2019-05-10,54
1839,2019-05-11,35
1840,2019-05-12,30
1841,2019-05-13,66
1842,2019-05-14,69
1843,2019-05-15,70
1844,2019-05-16,64
1845,2019-05-17,52
1846,2019-05-18,28
1847,2019-05-19,27
1848,2019-05-20,54
1849,2019-05-21,61
1850,2019-05-22,60
1851,2019-05-23,72
1852,2019-05-24,66
1853,2019-05-25,32
1854,2019-05-26,30
1855,2019-05-27,55
1856,2019-05-28,63
1857,2019-05-29,71
1858,2019-05-30,67
1859,2019-05-31,74
1860,2019-06-01,42
1861,2019-06-02,34
1862,2019-06-03,82
1863,2019-06-04,70
1864,2019-06-05,71
1865,2019-06-06,70
1866,2019-06-07,65
1867,2019-06-08,30
1868,2019-06-09,30
1869,2019-06-10,61
1870,2019-06-11,64
1871,2019-06-12,75
1872,2019-06-13,100
1873,2019-06-14,68
1874,2019-06-15,35
1875,2019-06-16,27
1876,2019-06-17,68
1877,2019-06-18,70
1878,2019-06-19,79
1879,2019-06-20,75
1880,2019-06-21,77
1881,2019-06-22,42
1882,2019-06-23,38
1883,2019-06-24,72
1884,2019-06-25,65
1885,2019-06-26,68
1886,2019-06-27,60
1887,2019-06-28,57
1888,2019-06-29,30
1889,2019-06-30,30
1890,2019-07-01,23
1891,2019-07-02,21
1892,2019-07-03,25
1893,2019-07-04,17
1894,2019-07-05,18
1895,2019-07-06,10
1896,2019-07-07,9
1897,2019-07-08,20
1898,2019-07-09,20
1899,2019-07-10,23
1900,2019-07-11,19
1901,2019-07-12,17
1902,2019-07-13,9
1903,2019-07-14,7
1904,2019-07-15,19
1905,2019-07-16,20
1906,2019-07-17,21
1907,2019-07-18,20
1908,2019-07-19,22
1909,2019-07-20,11
1910,2019-07-21,9
1911,2019-07-22,20
1912,2019-07-23,19
1913,2019-07-24,23
1914,2019-07-25,21
1915,2019-07-26,15
1916,2019-07-27,10
1917,2019-07-28,7
1918,2019-07-29,17
1919,2019-07-30,17
1920,2019-07-31,19
1921,2019-08-01,23
1922,2019-08-02,21
1923,2019-08-03,11
1924,2019-08-04,9
1925,2019-08-05,18
1926,2019-08-06,22
1927,2019-08-07,27
1928,2019-08-08,23
1929,2019-08-09,20
1930,2019-08-10,10
1931,2019-08-11,9
1932,2019-08-12,18
1933,2019-08-13,23
1934,2019-08-14,23
1935,2019-08-15,18
1936,2019-08-16,19
1937,2019-08-17,9
1938,2019-08-18,9
1939,2019-08-19,21
1940,2019-08-20,21
1941,2019-08-21,22
1942,2019-08-22,22
1943,2019-08-23,18
1944,2019-08-24,12
1945,2019-08-25,9
1946,2019-08-26,19
1947,2019-08-27,20
1948,2019-08-28,21
1949,2019-08-29,22
1950,2019-08-30,19
1951,2019-08-31,9
1952,2019-09-01,8
1953,2019-09-02,18
1954,2019-09-03,21
1955,2019-09-04,24
1956,2019-09-05,23
1957,2019-09-06,18
1958,2019-09-07,10
1959,2019-09-08,10
1960,2019-09-09,23
1961,2019-09-10,21
1962,2019-09-11,24
1963,2019-09-12,23
1964,2019-09-13,21
1965,2019-09-14,19
1966,2019-09-15,38
1967,2019-09-16,100
1968,2019-09-17,72
1969,2019-09-18,48
1970,2019-09-19,34
1971,2019-09-20,29
1972,2019-09-21,16
1973,2019-09-22,14
1974,2019-09-23,25
1975,2019-09-24,27
1976,2019-09-25,27
1977,2019-09-26,26
1978,2019-09-27,23
1979,2019-09-28,11
1980,2019-09-29,13
1981,2019-09-30,23
1982,2019-10-01,24
1983,2019-10-02,23
1984,2019-10-03,25
1985,2019-10-04,22
1986,2019-10-05,11
1987,2019-10-06,9
1988,2019-10-07,24
1989,2019-10-08,22
1990,2019-10-09,22
1991,2019-10-10,21
1992,2019-10-11,22
1993,2019-10-12,11
1994,2019-10-13,11
1995,2019-10-14,22
1996,2019-10-15,24
1997,2019-10-16,22
1998,2019-10-17,22
1999,2019-10-18,20
2000,2019-10-19,10
2001,2019-10-20,10
2002,2019-10-21,19
2003,2019-10-22,22
2004,2019-10-23,22
2005,2019-10-24,22
2006,2019-10-25,19
2007,2019-10-26,8
2008,2019-10-27,8
2009,2019-10-28,15
2010,2019-10-29,18
2011,2019-10-30,22
2012,2019-10-31,19
2013,2019-11-01,21
2014,2019-11-02,10
2015,2019-11-03,11
2016,2019-11-04,21
2017,2019-11-05,63
2018,2019-11-06,24
2019,2019-11-07,22
2020,2019-11-08,20
2021,2019-11-09,10
2022,2019-11-10,10
2023,2019-11-11,19
2024,2019-11-12,19
2025,2019-11-13,20
2026,2019-11-14,19
2027,2019-11-15,20
2028,2019-11-16,9
2029,2019-11-17,11
2030,2019-11-18,24
2031,2019-11-19,22
2032,2019-11-20,23
2033,2019-11-21,24
2034,2019-11-22,21
2035,2019-11-23,10
2036,2019-11-24,10
2037,2019-11-25,17
2038,2019-11-26,21
2039,2019-11-27,20
2040,2019-11-28,16
2041,2019-11-29,18
2042,2019-11-30,13
2043,2019-12-01,10
2044,2019-12-02,19
2045,2019-12-03,20
2046,2019-12-04,24
2047,2019-12-05,22
2048,2019-12-06,21
2049,2019-12-07,11
2050,2019-12-08,11
2051,2019-12-09,18
2052,2019-12-10,21
2053,2019-12-11,22
2054,2019-12-12,18
2055,2019-12-13,15
2056,2019-12-14,10
2057,2019-12-15,8
2058,2019-12-16,18
2059,2019-12-17,19
2060,2019-12-18,22
2061,2019-12-19,16
2062,2019-12-20,16
2063,2019-12-21,7
2064,2019-12-22,6
2065,2019-12-23,16
2066,2019-12-24,14
2067,2019-12-25,9
2068,2019-12-26,17
2069,2019-12-27,18
2070,2019-12-28,8
2071,2019-12-29,8
2072,2019-12-30,16
2073,2019-12-31,17
2074,2020-01-01,2
2075,2020-01-02,2
2076,2020-01-03,5
2077,2020-01-04,3
2078,2020-01-05,3
2079,2020-01-06,5
2080,2020-01-07,4
2081,2020-01-08,7
2082,2020-01-09,4
2083,2020-01-10,3
2084,2020-01-11,2
2085,2020-01-12,2
2086,2020-01-13,3
2087,2020-01-14,3
2088,2020-01-15,3
2089,2020-01-16,3
2090,2020-01-17,2
2091,2020-01-18,1
2092,2020-01-19,1
2093,2020-01-20,2
2094,2020-01-21,2
2095,2020-01-22,2
2096,2020-01-23,3
2097,2020-01-24,2
2098,2020-01-25,1
2099,2020-01-26,1
2100,2020-01-27,3
2101,2020-01-28,3
2102,2020-01-29,3
2103,2020-01-30,3
2104,2020-01-31,3
2105,2020-02-01,2
2106,2020-02-02,2
2107,2020-02-03,3
2108,2020-02-04,4
2109,2020-02-05,4
2110,2020-02-06,3
2111,2020-02-07,3
2112,2020-02-08,1
2113,2020-02-09,2
2114,2020-02-10,3
2115,2020-02-11,3
2116,2020-02-12,3
2117,2020-02-13,3
2118,2020-02-14,2
2119,2020-02-15,2
2120,2020-02-16,1
2121,2020-02-17,2
2122,2020-02-18,3
2123,2020-02-19,3
2124,2020-02-20,3
2125,2020-02-21,2
2126,2020-02-22,1
2127,2020-02-23,1
2128,2020-02-24,3
2129,2020-02-25,3
2130,2020-02-26,3
2131,2020-02-27,4
2132,2020-02-28,4
2133,2020-02-29,2
2134,2020-03-01,2
2135,2020-03-02,4
2136,2020-03-03,4
2137,2020-03-04,3
2138,2020-03-05,4
2139,2020-03-06,5
2140,2020-03-07,3
2141,2020-03-08,5
2142,2020-03-09,31
2143,2020-03-10,18
2144,2020-03-11,12
2145,2020-03-12,13
2146,2020-03-13,10
2147,2020-03-14,6
2148,2020-03-15,5
2149,2020-03-16,9
2150,2020-03-17,9
2151,2020-03-18,16
2152,2020-03-19,16
2153,2020-03-20,12
2154,2020-03-21,6
2155,2020-03-22,5
2156,2020-03-23,10
2157,2020-03-24,8
2158,2020-03-25,8
2159,2020-03-26,7
2160,2020-03-27,7
2161,2020-03-28,4
2162,2020-03-29,4
2163,2020-03-30,11
2164,2020-03-31,9
2165,2020-04-01,9
2166,2020-04-02,12
2167,2020-04-03,11
2168,2020-04-04,6
2169,2020-04-05,5
2170,2020-04-06,10
2171,2020-04-07,8
2172,2020-04-08,9
2173,2020-04-09,10
2174,2020-04-10,7
2175,2020-04-11,4
2176,2020-04-12,5
2177,2020-04-13,9
2178,2020-04-14,8
2179,2020-04-15,9
2180,2020-04-16,8
2181,2020-04-17,10
2182,2020-04-18,5
2183,2020-04-19,5
2184,2020-04-20,100
2185,2020-04-21,82
2186,2020-04-22,26
2187,2020-04-23,17
2188,2020-04-24,11
2189,2020-04-25,5
2190,2020-04-26,5
2191,2020-04-27,11
2192,2020-04-28,10
2193,2020-04-29,9
2194,2020-04-30,9
2195,2020-05-01,7
2196,2020-05-02,4
2197,2020-05-03,4
2198,2020-05-04,7
2199,2020-05-05,8
2200,2020-05-06,8
2201,2020-05-07,7
2202,2020-05-08,6
2203,2020-05-09,3
2204,2020-05-10,3
2205,2020-05-11,6
2206,2020-05-12,6
2207,2020-05-13,6
2208,2020-05-14,5
2209,2020-05-15,5
2210,2020-05-16,3
2211,2020-05-17,3
2212,2020-05-18,6
2213,2020-05-19,6
2214,2020-05-20,5
2215,2020-05-21,5
2216,2020-05-22,5
2217,2020-05-23,3
2218,2020-05-24,2
2219,2020-05-25,3
2220,2020-05-26,4
2221,2020-05-27,4
2222,2020-05-28,4
2223,2020-05-29,4
2224,2020-05-30,2
2225,2020-05-31,2
2226,2020-06-01,4
2227,2020-06-02,4
2228,2020-06-03,4
2229,2020-06-04,4
2230,2020-06-05,4
2231,2020-06-06,3
2232,2020-06-07,3
2233,2020-06-08,5
2234,2020-06-09,5
2235,2020-06-10,4
2236,2020-06-11,5
2237,2020-06-12,4
2238,2020-06-13,2
2239,2020-06-14,2
2240,2020-06-15,5
2241,2020-06-16,4
2242,2020-06-17,4
2243,2020-06-18,3
2244,2020-06-19,4
2245,2020-06-20,2
2246,2020-06-21,2
2247,2020-06-22,4
2248,2020-06-23,4
2249,2020-06-24,5
2250,2020-06-25,4
2251,2020-06-26,4
2252,2020-06-27,3
2253,2020-06-28,3
2254,2020-06-29,4
2255,2020-06-30,4
2437,2020-07-01,100
2438,2020-07-02,97
2439,2020-07-03,83
2440,2020-07-04,48
2441,2020-07-05,46
2442,2020-07-06,85
2443,2020-07-07,89
2444,2020-07-08,84
2445,2020-07-09,92
2446,2020-07-10,84
2447,2020-07-11,51
2448,2020-07-12,42
2449,2020-07-13,85
2450,2020-07-14,85
2451,2020-07-15,84
2452,2020-07-16,85
2453,2020-07-17,79
2454,2020-07-18,42
2455,2020-07-19,51
2456,2020-07-20,80
2457,2020-07-21,96
2458,2020-07-22,90
2459,2020-07-23,84
2460,2020-07-24,84
2461,2020-07-25,51
2462,2020-07-26,50
2463,2020-07-27,74
2464,2020-07-28,74
2465,2020-07-29,78
2466,2020-07-30,71
2467,2020-07-31,67
2468,2020-08-01,34
2469,2020-08-02,35
2470,2020-08-03,69
2471,2020-08-04,84
2472,2020-08-05,78
2473,2020-08-06,80
2474,2020-08-07,64
2475,2020-08-08,41
2476,2020-08-09,38
2477,2020-08-10,79
2478,2020-08-11,81
2479,2020-08-12,68
2480,2020-08-13,68
2481,2020-08-14,69
2482,2020-08-15,39
2483,2020-08-16,35
2484,2020-08-17,69
2485,2020-08-18,70
2486,2020-08-19,71
2487,2020-08-20,64
2488,2020-08-21,62
2489,2020-08-22,33
2490,2020-08-23,39
2491,2020-08-24,63
2492,2020-08-25,68
2493,2020-08-26,63
2494,2020-08-27,65
2495,2020-08-28,63
2496,2020-08-29,34
2497,2020-08-30,34
2498,2020-08-31,62
2499,2020-09-01,61
2500,2020-09-02,74
2501,2020-09-03,72
2502,2020-09-04,66
2503,2020-09-05,38
2504,2020-09-06,36
2505,2020-09-07,67
2506,2020-09-08,93
2507,2020-09-09,91
2508,2020-09-10,87
2509,2020-09-11,74
2510,2020-09-12,41
2511,2020-09-13,43
2512,2020-09-14,70
2513,2020-09-15,76
2514,2020-09-16,68
2515,2020-09-17,65
2516,2020-09-18,69
2517,2020-09-19,36
2518,2020-09-20,37
2519,2020-09-21,75
2520,2020-09-22,65
2521,2020-09-23,69
2522,2020-09-24,69
2523,2020-09-25,55
2524,2020-09-26,30
2525,2020-09-27,29
2526,2020-09-28,53
2527,2020-09-29,63
2528,2020-09-30,57
2529,2020-10-01,75
2530,2020-10-02,65
2531,2020-10-03,36
2532,2020-10-04,30
2533,2020-10-05,75
2534,2020-10-06,75
2535,2020-10-07,72
2536,2020-10-08,67
2537,2020-10-09,62
2538,2020-10-10,32
2539,2020-10-11,34
2540,2020-10-12,58
2541,2020-10-13,65
2542,2020-10-14,60
2543,2020-10-15,63
2544,2020-10-16,54
2545,2020-10-17,34
2546,2020-10-18,30
2547,2020-10-19,60
2548,2020-10-20,61
2549,2020-10-21,61
2550,2020-10-22,62
2551,2020-10-23,61
2552,2020-10-24,39
2553,2020-10-25,30
2554,2020-10-26,59
2555,2020-10-27,56
2556,2020-10-28,73
2557,2020-10-29,75
2558,2020-10-30,64
2559,2020-10-31,37
2560,2020-11-01,36
2561,2020-11-02,84
2562,2020-11-03,66
2563,2020-11-04,65
2564,2020-11-05,62
2565,2020-11-06,62
2566,2020-11-07,34
2567,2020-11-08,31
2568,2020-11-09,91
2569,2020-11-10,73
2570,2020-11-11,69
2571,2020-11-12,65
2572,2020-11-13,57
2573,2020-11-14,28
2574,2020-11-15,36
2575,2020-11-16,67
2576,2020-11-17,66
2577,2020-11-18,67
2578,2020-11-19,58
2579,2020-11-20,58
2580,2020-11-21,32
2581,2020-11-22,35
2582,2020-11-23,66
2583,2020-11-24,76
2584,2020-11-25,73
2585,2020-11-26,71
2586,2020-11-27,63
2587,2020-11-28,37
2588,2020-11-29,41
2589,2020-11-30,71
2590,2020-12-01,67
2591,2020-12-02,69
2592,2020-12-03,60
2593,2020-12-04,63
2594,2020-12-05,36
2595,2020-12-06,37
2596,2020-12-07,71
2597,2020-12-08,73
2598,2020-12-09,71
2599,2020-12-10,63
2600,2020-12-11,68
2601,2020-12-12,38
2602,2020-12-13,32
2603,2020-12-14,65
2604,2020-12-15,71
2605,2020-12-16,60
2606,2020-12-17,59
2607,2020-12-18,64
2608,2020-12-19,29
2609,2020-12-20,36
2610,2020-12-21,66
2611,2020-12-22,63
2612,2020-12-23,61
2613,2020-12-24,47
2614,2020-12-25,35
2615,2020-12-26,35
2616,2020-12-27,31
2617,2020-12-28,56
2618,2020-12-29,60
2619,2020-12-30,57
2620,2020-12-31,42
2256,2021-01-01,27
2257,2021-01-02,27
2258,2021-01-03,25
2259,2021-01-04,50
2260,2021-01-05,61
2261,2021-01-06,65
2262,2021-01-07,68
2263,2021-01-08,58
2264,2021-01-09,41
2265,2021-01-10,28
2266,2021-01-11,63
2267,2021-01-12,63
2268,2021-01-13,66
2269,2021-01-14,59
2270,2021-01-15,60
2271,2021-01-16,28
2272,2021-01-17,27
2273,2021-01-18,57
2274,2021-01-19,59
2275,2021-01-20,62
2276,2021-01-21,63
2277,2021-01-22,67
2278,2021-01-23,39
2279,2021-01-24,31
2280,2021-01-25,58
2281,2021-01-26,59
2282,2021-01-27,69
2283,2021-01-28,63
2284,2021-01-29,67
2285,2021-01-30,39
2286,2021-01-31,41
2287,2021-02-01,64
2288,2021-02-02,75
2289,2021-02-03,68
2290,2021-02-04,69
2291,2021-02-05,66
2292,2021-02-06,40
2293,2021-02-07,38
2294,2021-02-08,72
2295,2021-02-09,71
2296,2021-02-10,73
2297,2021-02-11,64
2298,2021-02-12,61
2299,2021-02-13,43
2300,2021-02-14,40
2301,2021-02-15,83
2302,2021-02-16,84
2303,2021-02-17,89
2304,2021-02-18,96
2305,2021-02-19,87
2306,2021-02-20,63
2307,2021-02-21,58
2308,2021-02-22,88
2309,2021-02-23,83
2310,2021-02-24,77
2311,2021-02-25,85
2312,2021-02-26,77
2313,2021-02-27,50
2314,2021-02-28,45
2315,2021-03-01,77
2316,2021-03-02,82
2317,2021-03-03,76
2318,2021-03-04,81
2319,2021-03-05,86
2320,2021-03-06,53
2321,2021-03-07,48
2322,2021-03-08,100
2323,2021-03-09,84
2324,2021-03-10,76
2325,2021-03-11,69
2326,2021-03-12,67
2327,2021-03-13,41
2328,2021-03-14,34
2329,2021-03-15,61
2330,2021-03-16,71
2331,2021-03-17,71
2332,2021-03-18,78
2333,2021-03-19,78
2334,2021-03-20,37
2335,2021-03-21,36
2336,2021-03-22,67
2337,2021-03-23,65
2338,2021-03-24,72
2339,2021-03-25,79
2340,2021-03-26,71
2341,2021-03-27,42
2342,2021-03-28,40
2343,2021-03-29,72
2344,2021-03-30,73
2345,2021-03-31,64
2346,2021-04-01,63
2347,2021-04-02,47
2348,2021-04-03,29
2349,2021-04-04,30
2350,2021-04-05,56
2351,2021-04-06,56
2352,2021-04-07,55
2353,2021-04-08,53
2354,2021-04-09,56
2355,2021-04-10,26
2356,2021-04-11,28
2357,2021-04-12,56
2358,2021-04-13,52
2359,2021-04-14,59
2360,2021-04-15,59
2361,2021-04-16,38
2362,2021-04-17,23
2363,2021-04-18,28
2364,2021-04-19,46
2365,2021-04-20,55
2366,2021-04-21,56
2367,2021-04-22,51
2368,2021-04-23,50
2369,2021-04-24,29
2370,2021-04-25,30
2371,2021-04-26,51
2372,2021-04-27,48
2373,2021-04-28,50
2374,2021-04-29,52
2375,2021-04-30,52
2376,2021-05-01,26
2377,2021-05-02,23
2378,2021-05-03,50
2379,2021-05-04,53
2380,2021-05-05,57
2381,2021-05-06,54
2382,2021-05-07,49
2383,2021-05-08,28
2384,2021-05-09,30
2385,2021-05-10,59
2386,2021-05-11,60
2387,2021-05-12,65
2388,2021-05-13,55
2389,2021-05-14,53
2390,2021-05-15,28
2391,2021-05-16,30
2392,2021-05-17,58
2393,2021-05-18,57
2394,2021-05-19,57
2395,2021-05-20,60
2396,2021-05-21,51
2397,2021-05-22,24
2398,2021-05-23,33
2399,2021-05-24,54
2400,2021-05-25,48
2401,2021-05-26,52
2402,2021-05-27,53
2403,2021-05-28,51
2404,2021-05-29,32
2405,2021-05-30,30
2406,2021-05-31,58
2407,2021-06-01,66
2408,2021-06-02,66
2409,2021-06-03,66
2410,2021-06-04,53
2411,2021-06-05,32
2412,2021-06-06,32
2413,2021-06-07,56
2414,2021-06-08,58
2415,2021-06-09,60
2416,2021-06-10,65
2417,2021-06-11,65
2418,2021-06-12,42
2419,2021-06-13,39
2420,2021-06-14,62
2421,2021-06-15,63
2422,2021-06-16,70
2423,2021-06-17,62
2424,2021-06-18,61
2425,2021-06-19,35
2426,2021-06-20,32
2427,2021-06-21,61
2428,2021-06-22,62
2429,2021-06-23,57
2430,2021-06-24,60
2431,2021-06-25,53
2432,2021-06-26,36
2433,2021-06-27,32
2434,2021-06-28,63
2435,2021-06-29,59
2436,2021-06-30,61
2621,2021-07-01,65
2622,2021-07-02,61
2623,2021-07-03,44
2624,2021-07-04,33
2625,2021-07-05,70
2626,2021-07-06,79
2627,2021-07-07,73
2628,2021-07-08,75
2629,2021-07-09,61
2630,2021-07-10,47
2631,2021-07-11,36
2632,2021-07-12,57
2633,2021-07-13,59
2634,2021-07-14,69
2635,2021-07-15,65
2636,2021-07-16,48
2637,2021-07-17,39
2638,2021-07-18,33
2639,2021-07-19,81
2640,2021-07-20,78
2641,2021-07-21,67
2642,2021-07-22,67
2643,2021-07-23,51
2644,2021-07-24,32
2645,2021-07-25,26
2646,2021-07-26,50
2647,2021-07-27,55
2648,2021-07-28,51
2649,2021-07-29,48
2650,2021-07-30,46
2651,2021-07-31,28
2652,2021-08-01,26
2653,2021-08-02,49
2654,2021-08-03,55
2655,2021-08-04,63
2656,2021-08-05,54
2657,2021-08-06,44
2658,2021-08-07,25
2659,2021-08-08,27
2660,2021-08-09,56
2661,2021-08-10,65
2662,2021-08-11,54
2663,2021-08-12,52
2664,2021-08-13,43
2665,2021-08-14,29
2666,2021-08-15,25
2667,2021-08-16,51
2668,2021-08-17,50
2669,2021-08-18,49
2670,2021-08-19,55
2671,2021-08-20,57
2672,2021-08-21,34
2673,2021-08-22,26
2674,2021-08-23,57
2675,2021-08-24,54
2676,2021-08-25,51
2677,2021-08-26,55
2678,2021-08-27,40
2679,2021-08-28,25
2680,2021-08-29,23
2681,2021-08-30,52
2682,2021-08-31,43
2683,2021-09-01,52
2684,2021-09-02,54
2685,2021-09-03,46
2686,2021-09-04,25
2687,2021-09-05,21
2688,2021-09-06,40
2689,2021-09-07,51
2690,2021-09-08,47
2691,2021-09-09,50
2692,2021-09-10,39
2693,2021-09-11,26
2694,2021-09-12,23
2695,2021-09-13,50
2696,2021-09-14,43
2697,2021-09-15,49
2698,2021-09-16,61
2699,2021-09-17,48
2700,2021-09-18,30
2701,2021-09-19,29
2702,2021-09-20,50
2703,2021-09-21,48
2704,2021-09-22,55
2705,2021-09-23,49
2706,2021-09-24,44
2707,2021-09-25,25
2708,2021-09-26,28
2709,2021-09-27,55
2710,2021-09-28,64
2711,2021-09-29,68
2712,2021-09-30,59
2713,2021-10-01,53
2714,2021-10-02,32
2715,2021-10-03,36
2716,2021-10-04,69
2717,2021-10-05,77
2718,2021-10-06,77
2719,2021-10-07,71
2720,2021-10-08,71
2721,2021-10-09,45
2722,2021-10-10,39
2723,2021-10-11,81
2724,2021-10-12,80
2725,2021-10-13,67
2726,2021-10-14,67
2727,2021-10-15,67
2728,2021-10-16,54
2729,2021-10-17,47
2730,2021-10-18,83
2731,2021-10-19,66
2732,2021-10-20,80
2733,2021-10-21,71
2734,2021-10-22,63
2735,2021-10-23,47
2736,2021-10-24,41
2737,2021-10-25,65
2738,2021-10-26,64
2739,2021-10-27,71
2740,2021-10-28,71
2741,2021-10-29,67
2742,2021-10-30,41
2743,2021-10-31,39
2744,2021-11-01,65
2745,2021-11-02,66
2746,2021-11-03,71
2747,2021-11-04,71
2748,2021-11-05,66
2749,2021-11-06,49
2750,2021-11-07,39
2751,2021-11-08,67
2752,2021-11-09,59
2753,2021-11-10,63
2754,2021-11-11,61
2755,2021-11-12,57
2756,2021-11-13,35
2757,2021-11-14,40
2758,2021-11-15,54
2759,2021-11-16,57
2760,2021-11-17,58
2761,2021-11-18,58
2762,2021-11-19,67
2763,2021-11-20,35
2764,2021-11-21,38
2765,2021-11-22,66
2766,2021-11-23,90
2767,2021-11-24,86
2768,2021-11-25,58
2769,2021-11-26,84
2770,2021-11-27,81
2771,2021-11-28,59
2772,2021-11-29,93
2773,2021-11-30,100
2774,2021-12-01,91
2775,2021-12-02,88
2776,2021-12-03,68
2777,2021-12-04,35
2778,2021-12-05,35
2779,2021-12-06,69
2780,2021-12-07,70
2781,2021-12-08,67
2782,2021-12-09,58
2783,2021-12-10,55
2784,2021-12-11,32
2785,2021-12-12,27
2786,2021-12-13,54
2787,2021-12-14,63
2788,2021-12-15,55
2789,2021-12-16,47
2790,2021-12-17,46
2791,2021-12-18,30
2792,2021-12-19,25
2793,2021-12-20,56
2794,2021-12-21,58
2795,2021-12-22,51
2796,2021-12-23,47
2797,2021-12-24,38
2798,2021-12-25,22
2799,2021-12-26,22
2800,2021-12-27,44
2801,2021-12-28,49
2802,2021-12-29,48
2803,2021-12-30,51
2804,2021-12-31,45
2805,2022-01-01,6
2806,2022-01-02,5
2807,2022-01-03,9
2808,2022-01-04,10
2809,2022-01-05,10
2810,2022-01-06,11
2811,2022-01-07,10
2812,2022-01-08,6
2813,2022-01-09,5
2814,2022-01-10,9
2815,2022-01-11,11
2816,2022-01-12,11
2817,2022-01-13,10
2818,2022-01-14,11
2819,2022-01-15,6
2820,2022-01-16,6
2821,2022-01-17,10
2822,2022-01-18,13
2823,2022-01-19,15
2824,2022-01-20,14
2825,2022-01-21,12
2826,2022-01-22,7
2827,2022-01-23,6
2828,2022-01-24,14
2829,2022-01-25,12
2830,2022-01-26,13
2831,2022-01-27,14
2832,2022-01-28,13
2833,2022-01-29,7
2834,2022-01-30,6
2835,2022-01-31,14
2836,2022-02-01,11
2837,2022-02-02,13
2838,2022-02-03,12
2839,2022-02-04,15
2840,2022-02-05,9
2841,2022-02-06,9
2842,2022-02-07,15
2843,2022-02-08,13
2844,2022-02-09,12
2845,2022-02-10,14
2846,2022-02-11,13
2847,2022-02-12,10
2848,2022-02-13,8
2849,2022-02-14,19
2850,2022-02-15,19
2851,2022-02-16,18
2852,2022-02-17,16
2853,2022-02-18,15
2854,2022-02-19,10
2855,2022-02-20,7
2856,2022-02-21,17
2857,2022-02-22,27
2858,2022-02-23,23
2859,2022-02-24,67
2860,2022-02-25,41
2861,2022-02-26,20
2862,2022-02-27,16
2863,2022-02-28,33
2864,2022-03-01,34
2865,2022-03-02,46
2866,2022-03-03,50
2867,2022-03-04,42
2868,2022-03-05,27
2869,2022-03-06,26
2870,2022-03-07,95
2871,2022-03-08,100
2872,2022-03-09,82
2873,2022-03-10,67
2874,2022-03-11,50
2875,2022-03-12,28
2876,2022-03-13,24
2877,2022-03-14,43
2878,2022-03-15,50
2879,2022-03-16,50
2880,2022-03-17,39
2881,2022-03-18,34
2882,2022-03-19,21
2883,2022-03-20,20
2884,2022-03-21,34
2885,2022-03-22,34
2886,2022-03-23,32
2887,2022-03-24,29
2888,2022-03-25,27
2889,2022-03-26,14
2890,2022-03-27,16
2891,2022-03-28,27
2892,2022-03-29,31
2893,2022-03-30,27
2894,2022-03-31,32
2895,2022-04-01,28
2896,2022-04-02,16
2897,2022-04-03,14
2898,2022-04-04,27
2899,2022-04-05,23
2900,2022-04-06,24
2901,2022-04-07,24
2902,2022-04-08,23
2903,2022-04-09,13
2904,2022-04-10,10
2905,2022-04-11,24
2906,2022-04-12,22
2907,2022-04-13,22
2908,2022-04-14,20
2909,2022-04-15,17
2910,2022-04-16,11
2911,2022-04-17,10
2912,2022-04-18,21
2913,2022-04-19,21
2914,2022-04-20,20
2915,2022-04-21,19
2916,2022-04-22,18
2917,2022-04-23,9
2918,2022-04-24,9
2919,2022-04-25,21
2920,2022-04-26,19
2921,2022-04-27,19
2922,2022-04-28,18
2923,2022-04-29,19
2924,2022-04-30,9
2925,2022-05-01,9
2926,2022-05-02,18
2927,2022-05-03,16
2928,2022-05-04,18
2929,2022-05-05,19
2930,2022-05-06,18
2931,2022-05-07,10
2932,2022-05-08,9
2933,2022-05-09,21
2934,2022-05-10,22
2935,2022-05-11,21
2936,2022-05-12,19
2937,2022-05-13,19
2938,2022-05-14,10
2939,2022-05-15,9
2940,2022-05-16,19
2941,2022-05-17,20
2942,2022-05-18,20
2943,2022-05-19,19
2944,2022-05-20,17
2945,2022-05-21,12
2946,2022-05-22,13
2947,2022-05-23,19
2948,2022-05-24,16
2949,2022-05-25,16
2950,2022-05-26,16
2951,2022-05-27,17
2952,2022-05-28,10
2953,2022-05-29,9
2954,2022-05-30,17
2955,2022-05-31,22
2956,2022-06-01,22
2957,2022-06-02,23
